College Code,College Name,Seat Type,AD-Artificial Intelligence & Data Science,AE-Aeronautical Engineering,AG-Agriculture Engineering,AI-Artificial Intelligence & Machine Learning,,AL-Agricultural Engineering,AR-Automation & Robotics Engineering,,AS-Aerospace Engineering,,
E001,"Acharya Institute of Technology-Soladevanahalli, Bengaluru",GM,,87175,,30872,,,,,,,
E003,"A.C.S. College of Engineering-Kambipura Mysore Road, Bengaluru",GM,,,,,,,,,84122,,
E004,"Adichunchanagiri Institute Of Technology-Jyothi Nagara, Chikkamagaluru",GM,,,,83320,,,,,,,
E005,"Akash Institute of Engineering and Technology-Devanahalli, Bengaluru Rural",GM,,,,78979,,,,,,,
E006,"Alvas Institute of Engineering and Technology-Moodbidri, Mangaluru",GM,,,,,,,,,,,
E007,"AMC Engineering College-Bannerghatta Rd, Bengaluru",GM,,86167,,91258,,,,,,,
E009,"Angadi Institute of Technology and Management-Savagaon Road, Belagavi",GM,92275,,,,,,,,,,
E011,"APS College of Engineering-Kanakapura Road, Bengaluru",GM,,,,,,,,,,,
E012,"Atria Institute of Technology-Hebbal, Bengaluru",GM,,,,68291,,,,,,,
E013,"Akshaya Institute of Technology-Koratagere Road, Tumakuru",GM,63333,,,,,,,,,,
E014,"Bharatesh Institute of Technology-Shindhollicross, Belagavi",GM,,,,,,,,,,,
E015,"B.N.M. Institute of Technology-Banashankari, Bengaluru",GM,,,,20141,,,,,,,
E016,"KLE Technological University Formerly known as BVBCET-Vidyanagar, Hubballi",GM,,,,,,,44085,,,,
E017,"Ballari Institute of Technology And Management-Near Allipura, Ballari",GM,,,,80806,,,,,,,
E018,"Bangalore College of Engineering and Technology-Chandapura, Bengaluru",GM,,,,62754,,,,,,,
E019,"Bangalore Institute of Technology-V V Puram, Bengaluru",GM,,,,7983,,,,,,,
E020,"Bangalore Technological Institute-Chikkanayakanahalli Dinne, Bengaluru",GM,,,,85968,,,,,,,
E021,"Bapuji Institute of Engineering and Technology-Shamanur Road, Davangere",GM,,,,100899,,,,,,,
E024,"Basaveshwar Engineering College-Vidya Nagar, Bagalkote",GM,,,,96627,,,,,,,
E026,"BLDEAs V.P. Dr.P.G.Halakatti College of Engineering and Technology-Ashram Road, Vijayapura",GM,,,,,,,,,,,
E027,"BMS College of Engineering-Basavanagudi, Bengaluru",GM,2742,,,3038,,,,,10362,,
E028,"BMS Institute of Technology and Management-Yelahanka, Bengaluru",GM,,,,8959,,,,,,,
E030,"Brindavan College of Engineering-Yelahanka, Bengaluru",GM,,,,95743,,,,,,,
E032,"C.M.R. Institute of Technology-Brookefield, Bengaluru",GM,19447,,,19848,,,,,,,
E033,"Cambridge Institute of Technology-K R Puram, Bengaluru",GM,,,,36875,,,,,,,
E035,"Channabasaveshwara Institute of Technology- Gubbi, Tumakuru",GM,,,,,,,,,,,
E037,"City Engineering College-Doddakalasandra, Bengaluru",GM,,,,81421,,,,,,,
E038,"Coorg Institute of Technology-Ponnampet, South Kodagu",GM,,,,,,,,,,,
E039,"Dayananda Sagar Academy of Technology and Management-Kanakpura Road, Bengaluru",GM,,,,20126,,,,,,,
E040,"Dayananda Sagar College of Engineering-Kumaraswamy Layout, Bengaluru",GM,,24269,,4314,,,,,,,
E041,"DON BOSCO Institute of Technology-Kumbalgodu, Bengaluru",GM,79648,,,,,,,,,,
E042,"Dr. Ambedkar Institute of Technology-Malathahalli, Bengaluru",GM,,90800,,26165,,,,,,,
E045,"Dr H N National College Of Engineering-Jayanagar, Bengaluru",GM,98989,,,,,,,,,,
E046,"East Point College of Engineering and Technology-Avalahalli, Bengaluru",GM,98557,,,,,,,,,,
E048,"East West Institute of Technology-BEL Layout, Bengaluru",GM,93490,,,86818,,,,,,,
E049,"Garden City University-Old Madras Road, Bengaluru",GM,,,,,,,,,,,
E050,"Global Academy of Technology-Rajarajeshwari Nagar, Bengaluru",GM,66938,99746,,52374,,,,,,,
E051,"GM Institute of Technology-P B Road, Davangere",GM,,,,65054,,,,,,,
E053,"Gopalan College of Engineering And Management-Whitefield, Bengaluru",GM,,,,,,,,,,,
E055,"GSSS Institute of Engineering and Technology for Women-Metagalli, Mysuru",GM,59418,,,,,,,,,,
E058,"Sri Jayachamarajendra College of Engineering constituent college of JSS Science and Technology University-Manasagangothri  Mysuru",GM,,,,,,,,,,,
E059,"Jawaharlal Nehru New College of Engineering JNNCE-Swalanga Road, Shivamogga",GM,,,,65784,,,,,,,
E060,"JSS Academy of Technical Education-Kengeri Main Road, Bengaluru",GM,,,,,,,,,,,
E061,JSS Science and Technology University-Mysuru,GM,,,,,,,,,,,
E062,"Jain College of Engineering-T.S Nagar, Belagavi",GM,,,,,,,,,,,
E064,"Jain College of Engineering and Research-Udyambag, Belagavi",GM,,,,,,,,,,,
E065,"KLE Technological University Formerly called as KLE Dr. M.S. Sheshgiri College of Engineering and Technology-Udyambag  Belagavi",GM,,,,,,,,,,,
E066,"KLE College of Engineering and Technology-Chikodi Dist., Belagavi",GM,75244,,,,,,,,,,
E067,"K.S School of Engineering And Management-Off Kanakapura Road, Bengaluru",GM,77605,,,,,,,,,,
E068,"K.S. Institute of Technology-Kanakapura Main Road, Bengaluru",GM,,,,98020,,,,,,,
E071,"Karavali Institute of Technology-Kottara, Mangaluru",GM,,,,,,,,,,,
E072,"K L E Institute of Technology-Gokul, Hubbali",GM,,,,,,,,,,,
E073,"KLS Gogte Institute of Technology-Udyambag, Belagavi",GM,,61104,,,,,,,,,
E074,"KLS Vishwanathrao Deshpande Institute of Technology-Dandeli Road, Haliyal",GM,,,,,,,,,,,
E075,"KNS Institute of Technology-Yelahanka, Bengaluru",GM,,,,,,,,,,,
E076,"M.S. Engineering College-Sadahalli, Bengaluru",GM,,,,91193,,,,,,,
E077,"M.S. Ramaiah Institute of Technology-MSR Nagar, Bengaluru",GM,2712,,,2617,,,,,11947,,
E078,"Maharaja Institute of Technology-Belawadi, Mandya",GM,,,,,,,,,,,
E079,"Malnad College of Engineering-Rangoli Halla, Hassan",GM,,,,,,,,,,,
E080,"Mangalore Institute of Technology and Engineering-Moodbidri, Mangaluru",GM,,,,,,,,,,,
E082,"Maharaja Institute of Technology-Thandavapura, Mysuru",GM,91965,,,,,,,,,,
E084,"Nagarjuna College of Engineering And Technology-Devanahalli, Bengaluru",GM,,,,,,,,,,,
E085,"The National Institute of Engineering North Campus-Koorgalli, Mysuru",GM,,,,,,,,,,,
E086,"Nitte Meenakshi Institute of Technology-Yelahanka, Bengaluru",GM,11080,47349,,10581,,,,,,,
E088,"Navodaya Institute of Technology-Bijangera, Raichur",GM,,,,,,,,,,,
E089,"P.E.S.College of Engineering-PES College Road, Mandya",GM,,,,,,,,,,,
E090,"PES Institute of Technology and Management-Kotegangoor Cost, Shivamogga",GM,,,,54016,,,,,,,
E095,"R V College of Engineering-Mysore Road, Bengaluru",GM,,,,,,,,,3997,,
E097,"R.R. Institute of Technology-Chikkabanavara, Bengaluru",GM,,,,,,,,,,,
E099,"Raja Rajeswari College of Engineering-Kumbalgodu, Bengaluru",GM,,,,95578,,,,,,,
E101,"Rajiv Gandhi Institute of Technology-R T Nagar Post, Bengaluru",GM,,,,,,,,,,,
E104,"RNS Institute of Technology-R R Nagar Post, Bengaluru",GM,,,,,,,,,,,
E105,"Bheemanna Khandre Institute of Technology-Bhalki, Bidar",GM,,,,,,,,,,,
E107,"SJB Institute of Technology-Kengeri, Bengaluru",GM,,,,38233,,,,,,,
E108,"S J C Institute of Technology-BB Road, Chikkaballapur",GM,62929,,,,,,,,93200,,
E109,"S.E.A. College of Engineering and Technology-K R Puram, Bengaluru",GM,,,,,,,,,,,
E110,"SSETs S.G. Balekundri Institute of Technology-Shivabasva Nagar, Belagavi",GM,93114,,,,,,,,,,
E112,"Sahyadri College of Engineering and Management-Adyar, Mangaluru",GM,,,,,,,,,,,
E113,"Sai Vidya Institute of Technology-Rajan Kunte, Bengaluru",GM,,,,,,,,,,,
E114,"Sambhram Institute of Technology-Jalahalli East, Bengaluru",GM,,,,,,,,,,,
E116,"Sapthagiri NPS University-Hesarghatta Main Road, Bengaluru",GM,,,,,,,,,,,
E117,"SDM College of Engineering and Technology, Tulu Minority-Kalaghatagi, Dharwad",GM,,,,41912,,,,,,,
E118,"SDM Institute of Technology, Tulu Minority-Ujjire, Dakshina Kannada",GM,83838,,,,,,,,,,
E121,"Sri Sairam College of Engineering-Anekal, Bengaluru",GM,,,,,,,,,,,
E123,"Shri Madhwa Vadiraja Institute of Technology and Management-Bantakal, Udupi",GM,,,,,,,,,,,
E124,"Shridevi Institute of Engineering and Technology-Sira Road, Tumakuru",GM,,,,,,,,,,,
E125,"Siddaganga Institute of Technology-B H Road, Tumakuru",GM,11239,,,,,,,,,,
E126,"Sir M.Visvesvaraya Institute of Technology-Yelahanka, Bengaluru",GM,,,,14049,,,,,,,
E128,"Smt. Kamala and Sri Venkappa M. Agadi College of Engineering and Technology Laxmeswar  Gadag",GM,,,,,,,,,,,
E137,"Sri Venkateshwara College of Engineering-KIAL Road, Bengaluru",GM,,,,,,,,,,,
E138,"Srinivas Institute of Technology-Hampankatta, Mangaluru",GM,,,,,,,,,,,
E141,"T. John Institute of Technology-Bannerghatta Road, Bengaluru",GM,,,,96420,,,,,,,
E142,"The National Institute of Engineering South Campus-Mananthavady Road, Mysuru",GM,,,,,,,,,,,
E145,"Vemana Institute of Technology-Koramangala, Bengaluru",GM,,,,93201,,,,,,,
E146,"Vidya Vikas Institute of Engineering and Technology-Alnahally, Mysuru",GM,,,,,,,,,,,
E147,"Vidyavardhaka College of Engineering-Gokulam, Mysuru",GM,,,,,,,,,,,
E148,"Vivekananda College of Engineering and Technology-Puttur, Dakshin Kannada",GM,,,,,,,,,,,
E149,"Vivekananda Institute of Technology-Kengeri, Bengaluru",GM,,,,96926,,,,,,,
E152,"ATME College of Engineering-Bannur Road, Mysuru",GM,,,,,,,,,,,
E156,"Jyothy Institute of Technology-Tathguni, Bengaluru",GM,,,,82308,,,,,,,
E161,"Cambridge Institute of Technology North Campus-Kundana, Bengaluru",GM,,,,,,,,,,,
E164,"Reva University-Yelahanka, Bengaluru",GM,,,,,,83739,,,,,
E165,"Alliance College of Engineering and Design. Alliance University-Anekal, Bengaluru",GM,,,,22890,,,,,43200,,
E171,"GITAM Deemed to be University-Dodaballapur taluk, Bengaluru",GM,,,,,,,,,,,
E172,"Mysore College of Engineering and Management-Chikkahalli, Mysuru",GM,,,,,,,,,,,
E173,"Presidency University-Yelahanka, Bengaluru",GM,,,,,,,,,,,
E183,"Jain Institute of Technology-Avaragere Village, Davangere",GM,,,,94911,,,,,,,
E186,"Nitte School of Architecture Planning and Design-Yelahanka, Bengaluru",GM,,,,,,,,,,,
E187,"CMR University-Bagalur-Chagalatti, Bengaluru",GM,,,,,,,,,,,
E194,"Jain College of Engineering and Technology-Unkal, Hubballi",GM,,,,90772,,,,,,,
E197,"M.S. Ramaiah University of Applied Sciences-MSR Nagar, Bengaluru",GM,,,,,,,,,,,
E198,"R V Institute of Technology and Management-J P Nagar, Bengaluru",GM,,,,,,,,,,,
E203,"Amruta Institute of Engineering and Management Science-Bidadi, Ramnagar Taluk, Bengaluru Rural",GM,,,,69752,,,,,,,
E205,"Vijaya Vittala Institution of Technology-Kothanur, Bengaluru",GM,,,,,,,,,,,
E206,"Cauvery Institute Of Technology-Sundahalli, Mandya",GM,,,,,,,,,,,
E207,"BGS College of Engineering and Technology-Mahalaxmipuram, Bengaluru",GM,100704,,,99315,,,,,,,
E209,"Aditya College of Engineering and Technology-Yelahanka, Bengaluru",GM,,,,,,,,,,,
E211,"East West College of Engineering-Yelahanka, Bengaluru",GM,,89865,,,,,,,,,
E212,"Seshadripuram Institute of Technology - Jaipura Hobli, Mysuru",GM,,,,,,,,,,,
E001,"Acharya Institute of Technology-Soladevanahalli, Bengaluru",GM,,,,,,,101854,,,,
E003,"A.C.S. College of Engineering-Kambipura Mysore Road, Bengaluru",GM,,,,67475,,,,,,,
E004,"Adichunchanagiri Institute Of Technology-Jyothi Nagara, Chikkamagaluru",GM,,,,,,,,,,,
E005,"Akash Institute of Engineering and Technology-Devanahalli, Bengaluru Rural",GM,,,,,,,,,,,
E006,"Alvas Institute of Engineering and Technology-Moodbidri, Mangaluru",GM,,,,,,,,,,,
E007,"AMC Engineering College-Bannerghatta Rd, Bengaluru",GM,,,,,,,,,,,
E009,"Angadi Institute of Technology and Management-Savagaon Road, Belagavi",GM,,,,,,,,,,,
E011,"APS College of Engineering-Kanakapura Road, Bengaluru",GM,,,,,,,,,,,
E012,"Atria Institute of Technology-Hebbal, Bengaluru",GM,,,,,,,,,,,
E013,"Akshaya Institute of Technology-Koratagere Road, Tumakuru",GM,,,,,,,,,,,
E014,"Bharatesh Institute of Technology-Shindhollicross, Belagavi",GM,,,,,,,,,,,
E015,"B.N.M. Institute of Technology-Banashankari, Bengaluru",GM,,,,,,,,,,,
E016,"KLE Technological University Formerly known as BVBCET-Vidyanagar, Hubballi",GM,,,,,,,90739,,19200,,
E017,"Ballari Institute of Technology And Management-Near Allipura, Ballari",GM,,,,,,,,,80639,,
E018,"Bangalore College of Engineering and Technology-Chandapura, Bengaluru",GM,,,,,,,,,,,
E019,"Bangalore Institute of Technology-V V Puram, Bengaluru",GM,,,,,,,,,,,
E020,"Bangalore Technological Institute-Chikkanayakanahalli Dinne, Bengaluru",GM,,,,,,,,,,,
E021,"Bapuji Institute of Engineering and Technology-Shamanur Road, Davangere",GM,,,,,,,,,,,
E024,"Basaveshwar Engineering College-Vidya Nagar, Bagalkote",GM,,,,,,,,,,,
E026,"BLDEAs V.P. Dr.P.G.Halakatti College of Engineering and Technology-Ashram Road, Vijayapura",GM,,,,,,,,,,,
College Code,College Name,Seat Type,AU-Automobile Engineering,AVE-Automotive Engineering,BD-Bachelor of Design,BM-Bio-Medical Engineering,,BP-Bachelor of Urban & Regional Planning,"BT-Biotechnology",,CA-Computer Science & Engineering (Artificial Intelligence),,
E027,"BMS College of Engineering-Basavanagudi, Bengaluru",GM,,,,,,,24741,,,,
E028,"BMS Institute of Technology and Management-Yelahanka, Bengaluru",GM,,,,,,,,,,,
E030,"Brindavan College of Engineering-Yelahanka, Bengaluru",GM,,,,,,,,,,,
E032,"C.M.R. Institute of Technology-Brookefield, Bengaluru",GM,,,,,,,,,,,
E033,"Cambridge Institute of Technology-K R Puram, Bengaluru",GM,,,,,,,,,,,
E035,"Channabasaveshwara Institute of Technology- Gubbi, Tumakuru",GM,,,,,,,,,,,
E037,"City Engineering College-Doddakalasandra, Bengaluru",GM,,,,,,,,,,,
E038,"Coorg Institute of Technology-Ponnampet, South Kodagu",GM,,,,,,,,,,,
E039,"Dayananda Sagar Academy of Technology and Management-Kanakpura Road, Bengaluru",GM,,,,,,,,,20918,,
E040,"Dayananda Sagar College of Engineering-Kumaraswamy Layout, Bengaluru",GM,42671,,,,,,35796,,,,
E041,"DON BOSCO Institute of Technology-Kumbalgodu, Bengaluru",GM,,,,,,,,,,,
E042,"Dr. Ambedkar Institute of Technology-Malathahalli, Bengaluru",GM,,,,,,,,,,,
E045,"Dr H N National College Of Engineering-Jayanagar, Bengaluru",GM,,,,,,,,,,,
E046,"East Point College of Engineering and Technology-Avalahalli, Bengaluru",GM,,,,,,,,,,,
E048,"East West Institute of Technology-BEL Layout, Bengaluru",GM,,,,,,,,,,,
E049,"Garden City University-Old Madras Road, Bengaluru",GM,,,,,,,,,,,
E050,"Global Academy of Technology-Rajarajeshwari Nagar, Bengaluru",GM,,,,,,,,,,,
E051,"GM Institute of Technology-P B Road, Davangere",GM,,,,,,,,,,,
E053,"Gopalan College of Engineering And Management-Whitefield, Bengaluru",GM,,,,,,,,,,,
E055,"GSSS Institute of Engineering and Technology for Women-Metagalli, Mysuru",GM,,,,,,,,,,,
E058,"Sri Jayachamarajendra College of Engineering constituent college of JSS Science and Technology University-Manasagangothri  Mysuru",GM,,,,,,,,,,,
E059,"Jawaharlal Nehru New College of Engineering JNNCE-Swalanga Road, Shivamogga",GM,,,,,,,,,,,
E060,"JSS Academy of Technical Education-Kengeri Main Road, Bengaluru",GM,,,,,,,,,,,
E061,JSS Science and Technology University-Mysuru,GM,,,,,,,98970,,,,
E062,"Jain College of Engineering-T.S Nagar, Belagavi",GM,,,,,,,,,,,
E064,"Jain College of Engineering and Research-Udyambag, Belagavi",GM,,,,,,,,,,,
E065,"KLE Technological University Formerly called as KLE Dr. M.S. Sheshgiri College of Engineering and Technology-Udyambag  Belagavi",GM,,,,80273,,,,,60020,,
E066,"KLE College of Engineering and Technology-Chikodi Dist., Belagavi",GM,,,,,,,,,,,
E067,"K.S School of Engineering And Management-Off Kanakapura Road, Bengaluru",GM,,,,,,,,,,,
E068,"K.S. Institute of Technology-Kanakapura Main Road, Bengaluru",GM,,,,,,,,,,,
E071,"Karavali Institute of Technology-Kottara, Mangaluru",GM,,,,,,,,,,,
E072,"K L E Institute of Technology-Gokul, Hubbali",GM,,,,,,,,,,,
E073,"KLS Gogte Institute of Technology-Udyambag, Belagavi",GM,,,,,,,,,,,
E074,"KLS Vishwanathrao Deshpande Institute of Technology-Dandeli Road, Haliyal",GM,,,,,,,,,,,
E075,"KNS Institute of Technology-Yelahanka, Bengaluru",GM,,,,,,,,,,,
E076,"M.S. Engineering College-Sadahalli, Bengaluru",GM,,,,,,,,,,,
E077,"M.S. Ramaiah Institute of Technology-MSR Nagar, Bengaluru",GM,,,,,,,25829,,,,
E078,"Maharaja Institute of Technology-Belawadi, Mandya",GM,,,,,,,,,88123,,
E079,"Malnad College of Engineering-Rangoli Halla, Hassan",GM,,,,,,,,,,,
E080,"Mangalore Institute of Technology and Engineering-Moodbidri, Mangaluru",GM,,,,,,,,,,,
E082,"Maharaja Institute of Technology-Thandavapura, Mysuru",GM,,,,,,,,,,,
E084,"Nagarjuna College of Engineering And Technology-Devanahalli, Bengaluru",GM,,,,,,,,,,,
E085,"The National Institute of Engineering North Campus-Koorgalli, Mysuru",GM,,,,,,,,,,,
E086,"Nitte Meenakshi Institute of Technology-Yelahanka, Bengaluru",GM,,,,,,,,,,,
E088,"Navodaya Institute of Technology-Bijangera, Raichur",GM,,,,,,,,,,,
E089,"P.E.S.College of Engineering-PES College Road, Mandya",GM,,,,,,,,,,,
E090,"PES Institute of Technology and Management-Kotegangoor Cost, Shivamogga",GM,,,,,,,,,,,
E095,"R V College of Engineering-Mysore Road, Bengaluru",GM,,,,,,,14012,,,,
E097,"R.R. Institute of Technology-Chikkabanavara, Bengaluru",GM,,,,,,,,,,,
E099,"Raja Rajeswari College of Engineering-Kumbalgodu, Bengaluru",GM,,,,,,,,,,,
E101,"Rajiv Gandhi Institute of Technology-R T Nagar Post, Bengaluru",GM,,,,,,,,,,,
E104,"RNS Institute of Technology-R R Nagar Post, Bengaluru",GM,,,,,,,,,,,
E105,"Bheemanna Khandre Institute of Technology-Bhalki, Bidar",GM,,,,,,,,,,,
E107,"SJB Institute of Technology-Kengeri, Bengaluru",GM,,,,,,,,,,,
E108,"S J C Institute of Technology-BB Road, Chikkaballapur",GM,,,,,,,,,,,
E109,"S.E.A. College of Engineering and Technology-K R Puram, Bengaluru",GM,,,,,,,,,,,
E110,"SSETs S.G. Balekundri Institute of Technology-Shivabasva Nagar, Belagavi",GM,,,,,,,,,,,
E112,"Sahyadri College of Engineering and Management-Adyar, Mangaluru",GM,,,,,,,,,,,
E113,"Sai Vidya Institute of Technology-Rajan Kunte, Bengaluru",GM,,,,,,,,,,,
E114,"Sambhram Institute of Technology-Jalahalli East, Bengaluru",GM,,,,,,,,,,,
E116,"Sapthagiri NPS University-Hesarghatta Main Road, Bengaluru",GM,,,,,,,,,,,
E117,"SDM College of Engineering and Technology, Tulu Minority-Kalaghatagi, Dharwad",GM,,,,,,,,,,,
E118,"SDM Institute of Technology, Tulu Minority-Ujjire, Dakshina Kannada",GM,,,,,,,,,,,
E121,"Sri Sairam College of Engineering-Anekal, Bengaluru",GM,,,,,,,,,,,
E123,"Shri Madhwa Vadiraja Institute of Technology and Management-Bantakal, Udupi",GM,,,,,,,,,,,
E124,"Shridevi Institute of Engineering and Technology-Sira Road, Tumakuru",GM,,,,,,,,,,,
E125,"Siddaganga Institute of Technology-B H Road, Tumakuru",GM,,,,,,,,,,,
E126,"Sir M.Visvesvaraya Institute of Technology-Yelahanka, Bengaluru",GM,,,,,,,57796,,,,
E128,"Smt. Kamala and Sri Venkappa M. Agadi College of Engineering and Technology Laxmeswar  Gadag",GM,,,,,,,,,,,
E137,"Sri Venkateshwara College of Engineering-KIAL Road, Bengaluru",GM,,,,,,,,,100461,,
E138,"Srinivas Institute of Technology-Hampankatta, Mangaluru",GM,,,,,,,,,,,
E141,"T. John Institute of Technology-Bannerghatta Road, Bengaluru",GM,,,,,,,,,,,
E142,"The National Institute of Engineering South Campus-Mananthavady Road, Mysuru",GM,,,,,,,,,,,
E146,"Vidya Vikas Institute of Engineering and Technology-Alnahally, Mysuru",GM,,,,,,,,,,,
E147,"Vidyavardhaka College of Engineering-Gokulam, Mysuru",GM,,,,,,,,,,,
E148,"Vivekananda College of Engineering and Technology-Puttur, Dakshin Kannada",GM,,,,,,,,,,,
E149,"Vivekananda Institute of Technology-Kengeri, Bengaluru",GM,,,,,,,,,,,
E152,"ATME College of Engineering-Bannur Road, Mysuru",GM,,,,,,,,,,,
E156,"Jyothy Institute of Technology-Tathguni, Bengaluru",GM,,,,,,,,,,,
E161,"Cambridge Institute of Technology North Campus-Kundana, Bengaluru",GM,,,,,,,,,,,
E164,"Reva University-Yelahanka, Bengaluru",GM,,,,,,,,,,,
E165,"Alliance College of Engineering and Design. Alliance University-Anekal, Bengaluru",GM,,,,,,,,,,,
E171,"GITAM Deemed to be University-Dodaballapur taluk, Bengaluru",GM,,,,,,,,,,,
E172,"Mysore College of Engineering and Management-Chikkahalli, Mysuru",GM,,,,,,,,,,,
E173,"Presidency University-Yelahanka, Bengaluru",GM,,,,,,,,,,,
E183,"Jain Institute of Technology-Avaragere Village, Davangere",GM,,,,,,,,,,,
E186,"Nitte School of Architecture Planning and Design-Yelahanka, Bengaluru",GM,,,90729,,,,,,,,
E187,"CMR University-Bagalur-Chagalatti, Bengaluru",GM,,,,,,,,,,,
E194,"Jain College of Engineering and Technology-Unkal, Hubballi",GM,,,,,,,,,,,
E197,"M.S. Ramaiah University of Applied Sciences-MSR Nagar, Bengaluru",GM,,50624,,,,,,,,,
E198,"R V Institute of Technology and Management-J P Nagar, Bengaluru",GM,,,,,,,,,,,
E203,"Amruta Institute of Engineering and Management Science-Bidadi, Ramnagar Taluk, Bengaluru Rural",GM,,,,,,,,,,,
E205,"Vijaya Vittala Institution of Technology-Kothanur, Bengaluru",GM,,,,,,,,,,,
E206,"Cauvery Institute Of Technology-Sundahalli, Mandya",GM,,,,,,,,,,,
E207,"BGS College of Engineering and Technology-Mahalaxmipuram, Bengaluru",GM,,,,,,,,,,,
E209,"Aditya College of Engineering and Technology-Yelahanka, Bengaluru",GM,,,,,,,,,93142,,
E211,"East West College of Engineering-Yelahanka, Bengaluru",GM,,,,,,,,,,,
E212,"Seshadripuram Institute of Technology - Jaipura Hobli, Mysuru",GM,,,,,,,,,,,
College Code,College Name,Seat Type,CB-Computer Science & Business Systems,CBD-Computer Science & Technology (Big Data),CC-Ceramic And Cement Technology,CCA-Civil Engineering with Computer Application,,"CCS-CIVIL CONSTRUCTION& SUSTAINABILITY ENGINEERING",CD-Computer Science & Engineering (Data Science),,CE-Computer Engineering,,
E001,"Acharya Institute of Technology-Soladevanahalli, Bengaluru",GM,,,,,,,29925,,,,
E003,"A.C.S. College of Engineering-Kambipura Mysore Road, Bengaluru",GM,,,,,,,99733,,,,
E004,"Adichunchanagiri Institute Of Technology-Jyothi Nagara, Chikkamagaluru",GM,,,,,,,,,,,
E005,"Akash Institute of Engineering and Technology-Devanahalli, Bengaluru Rural",GM,,,,,,,46408,,,,
E006,"Alvas Institute of Engineering and Technology-Moodbidri, Mangaluru",GM,,,,,,,,,,,
E007,"AMC Engineering College-Bannerghatta Rd, Bengaluru",GM,,,,,,,100868,,,,
E009,"Angadi Institute of Technology and Management-Savagaon Road, Belagavi",GM,,,,,,,,,,,
E011,"APS College of Engineering-Kanakapura Road, Bengaluru",GM,,,,,,,,,,,
E012,"Atria Institute of Technology-Hebbal, Bengaluru",GM,,,,,,,70025,,,,
E013,"Akshaya Institute of Technology-Koratagere Road, Tumakuru",GM,,,,,,,,,,,
E014,"Bharatesh Institute of Technology-Shindhollicross, Belagavi",GM,,,,,,,,,,,
E015,"B.N.M. Institute of Technology-Banashankari, Bengaluru",GM,,,,,,,,,,,
E016,"KLE Technological University Formerly known as BVBCET-Vidyanagar, Hubballi",GM,,,,,,,,,,,
E017,"Ballari Institute of Technology And Management-Near Allipura, Ballari",GM,,,,,,,97639,,,,
E018,"Bangalore College of Engineering and Technology-Chandapura, Bengaluru",GM,,,,,,,,,,,
E019,"Bangalore Institute of Technology-V V Puram, Bengaluru",GM,,,,,,,7768,,,,
E020,"Bangalore Technological Institute-Chikkanayakanahalli Dinne, Bengaluru",GM,,,,,,,,,100826,,
E021,"Bapuji Institute of Engineering and Technology-Shamanur Road, Davangere",GM,,,,,,,81541,,,,
E024,"Basaveshwar Engineering College-Vidya Nagar, Bagalkote",GM,,,,,,,,,,,
E026,"BLDEAs V.P. Dr.P.G.Halakatti College of Engineering and Technology-Ashram Road, Vijayapura",GM,,,,,,,,,,,
E027,"BMS College of Engineering-Basavanagudi, Bengaluru",GM,2746,,,,,,2436,,,,
E028,"BMS Institute of Technology and Management-Yelahanka, Bengaluru",GM,7419,,,,,,,,,,
E030,"Brindavan College of Engineering-Yelahanka, Bengaluru",GM,,,,,,,,,,,
E032,"C.M.R. Institute of Technology-Brookefield, Bengaluru",GM,,,,,,,15437,,,,
E033,"Cambridge Institute of Technology-K R Puram, Bengaluru",GM,,,,,,,35252,,,,
E035,"Channabasaveshwara Institute of Technology- Gubbi, Tumakuru",GM,,,,,,,,,,,
E037,"City Engineering College-Doddakalasandra, Bengaluru",GM,,,,,,,,,,,
E038,"Coorg Institute of Technology-Ponnampet, South Kodagu",GM,,,,,,,,,,,
E039,"Dayananda Sagar Academy of Technology and Management-Kanakpura Road, Bengaluru",GM,,,,,,,22881,,,,
E040,"Dayananda Sagar College of Engineering-Kumaraswamy Layout, Bengaluru",GM,5023,,,,,,3861,,,,
E041,"DON BOSCO Institute of Technology-Kumbalgodu, Bengaluru",GM,,,,,,,,,,,
E042,"Dr. Ambedkar Institute of Technology-Malathahalli, Bengaluru",GM,28879,,,,,,,,,,
E045,"Dr H N National College Of Engineering-Jayanagar, Bengaluru",GM,,,,,,,,,,,
E046,"East Point College of Engineering and Technology-Avalahalli, Bengaluru",GM,,,,,,,,,,,
E048,"East West Institute of Technology-BEL Layout, Bengaluru",GM,,,,,,,,,,,
E049,"Garden City University-Old Madras Road, Bengaluru",GM,,,,,,,,,,,
E050,"Global Academy of Technology-Rajarajeshwari Nagar, Bengaluru",GM,,,,,,,,,,,
E051,"GM Institute of Technology-P B Road, Davangere",GM,,,,,,,,,,,
E053,"Gopalan College of Engineering And Management-Whitefield, Bengaluru",GM,,,,,,,,,,,
E055,"GSSS Institute of Engineering and Technology for Women-Metagalli, Mysuru",GM,,,,,,,,,,,
E058,"Sri Jayachamarajendra College of Engineering constituent college of JSS Science and Technology University-Manasagangothri  Mysuru",GM,,,,,,,,,,,
E059,"Jawaharlal Nehru New College of Engineering JNNCE-Swalanga Road, Shivamogga",GM,,,,,,,92250,,,,
E060,"JSS Academy of Technical Education-Kengeri Main Road, Bengaluru",GM,,,,,,,,,,,
E061,JSS Science and Technology University-Mysuru,GM,,,,,,,,,,,
E062,"Jain College of Engineering-T.S Nagar, Belagavi",GM,,,,,,,,,,,
E064,"Jain College of Engineering and Research-Udyambag, Belagavi",GM,,,,,,,,,,,
E065,"KLE Technological University Formerly called as KLE Dr. M.S. Sheshgiri College of Engineering and Technology-Udyambag  Belagavi",GM,,,,,,,,,,,
E066,"KLE College of Engineering and Technology-Chikodi Dist., Belagavi",GM,,,,,,,,,,,
E067,"K.S School of Engineering And Management-Off Kanakapura Road, Bengaluru",GM,,,,,,,,,,,
E068,"K.S. Institute of Technology-Kanakapura Main Road, Bengaluru",GM,,,,,,,,,,,
E071,"Karavali Institute of Technology-Kottara, Mangaluru",GM,,,,,,,,,,,
E072,"K L E Institute of Technology-Gokul, Hubbali",GM,,,,,,,,,,,
E073,"KLS Gogte Institute of Technology-Udyambag, Belagavi",GM,,,,,,,,,,,
E074,"KLS Vishwanathrao Deshpande Institute of Technology-Dandeli Road, Haliyal",GM,,,,,,,,,,,
E075,"KNS Institute of Technology-Yelahanka, Bengaluru",GM,,,,,,,,,,,
E076,"M.S. Engineering College-Sadahalli, Bengaluru",GM,,,,,,,,,,,
E077,"M.S. Ramaiah Institute of Technology-MSR Nagar, Bengaluru",GM,,,,,,,,,,,
E078,"Maharaja Institute of Technology-Belawadi, Mandya",GM,98395,,,,,,99162,,83748,,
E079,"Malnad College of Engineering-Rangoli Halla, Hassan",GM,,,,,,,,,,,
E080,"Mangalore Institute of Technology and Engineering-Moodbidri, Mangaluru",GM,,,,,,,,,,,
E082,"Maharaja Institute of Technology-Thandavapura, Mysuru",GM,,,,,,,,,,,
E084,"Nagarjuna College of Engineering And Technology-Devanahalli, Bengaluru",GM,,,,,,,,,,,
E085,"The National Institute of Engineering North Campus-Koorgalli, Mysuru",GM,,,,,,,,,,,
E086,"Nitte Meenakshi Institute of Technology-Yelahanka, Bengaluru",GM,11185,,,,,,,,,,
E088,"Navodaya Institute of Technology-Bijangera, Raichur",GM,,,,,,,,,,,
E089,"P.E.S.College of Engineering-PES College Road, Mandya",GM,31797,,,,,,25418,,,,
E090,"PES Institute of Technology and Management-Kotegangoor Cost, Shivamogga",GM,,,,,,,63871,,89789,,
E095,"R V College of Engineering-Mysore Road, Bengaluru",GM,,,,,,,476,,,,
E097,"R.R. Institute of Technology-Chikkabanavara, Bengaluru",GM,,,,,,,,,,,
E099,"Raja Rajeswari College of Engineering-Kumbalgodu, Bengaluru",GM,,,,,,,,,,,
E101,"Rajiv Gandhi Institute of Technology-R T Nagar Post, Bengaluru",GM,,,,,,,,,,,
E104,"RNS Institute of Technology-R R Nagar Post, Bengaluru",GM,,,,,,,19611,,,,
E105,"Bheemanna Khandre Institute of Technology-Bhalki, Bidar",GM,,,,,,,,,,,
E107,"SJB Institute of Technology-Kengeri, Bengaluru",GM,,,,,,,37063,,,,
E108,"S J C Institute of Technology-BB Road, Chikkaballapur",GM,,,,,,,,,,,
E109,"S.E.A. College of Engineering and Technology-K R Puram, Bengaluru",GM,,,,,,,,,,,
E110,"SSETs S.G. Balekundri Institute of Technology-Shivabasva Nagar, Belagavi",GM,,,,,,,,,,,
E112,"Sahyadri College of Engineering and Management-Adyar, Mangaluru",GM,,,,,,,,,,,
E113,"Sai Vidya Institute of Technology-Rajan Kunte, Bengaluru",GM,,,,,,,97470,,,,
E114,"Sambhram Institute of Technology-Jalahalli East, Bengaluru",GM,,,,,,,,,,,
E116,"Sapthagiri NPS University-Hesarghatta Main Road, Bengaluru",GM,,,,,,,55545,,,,
E117,"SDM College of Engineering and Technology, Tulu Minority-Kalaghatagi, Dharwad",GM,,,,,,,,,,,
E118,"SDM Institute of Technology, Tulu Minority-Ujjire, Dakshina Kannada",GM,,,,,,,,,,,
E121,"Sri Sairam College of Engineering-Anekal, Bengaluru",GM,,,,,,,,,,,
E123,"Shri Madhwa Vadiraja Institute of Technology and Management-Bantakal, Udupi",GM,,,,,,,,,,,
E124,"Shridevi Institute of Engineering and Technology-Sira Road, Tumakuru",GM,,,,,,,,,,,
E125,"Siddaganga Institute of Technology-B H Road, Tumakuru",GM,,,,,,,,,,,
E126,"Sir M.Visvesvaraya Institute of Technology-Yelahanka, Bengaluru",GM,,,,,,,13166,,,,
E128,"Smt. Kamala and Sri Venkappa M. Agadi College of Engineering and Technology Laxmeswar  Gadag",GM,,,,,,,,,,,
E137,"Sri Venkateshwara College of Engineering-KIAL Road, Bengaluru",GM,,,,,,,97740,,,,
E138,"Srinivas Institute of Technology-Hampankatta, Mangaluru",GM,,,,,,,,,,,
E141,"T. John Institute of Technology-Bannerghatta Road, Bengaluru",GM,,,,,,,,,,,
E142,"The National Institute of Engineering South Campus-Mananthavady Road, Mysuru",GM,,,,,,,,,,,
E145,"Vemana Institute of Technology-Koramangala, Bengaluru",GM,,,,,,,68999,,,,
E146,"Vidya Vikas Institute of Engineering and Technology-Alnahally, Mysuru",GM,,,,,,,,,,,
E147,"Vidyavardhaka College of Engineering-Gokulam, Mysuru",GM,,,,,,,,,,,
E148,"Vivekananda College of Engineering and Technology-Puttur, Dakshin Kannada",GM,,,,,,,36505,,,,
E149,"Vivekananda Institute of Technology-Kengeri, Bengaluru",GM,,,,,,,,,,,
E152,"ATME College of Engineering-Bannur Road, Mysuru",GM,,,,,,,74559,,,,
E156,"Jyothy Institute of Technology-Tathguni, Bengaluru",GM,,,,,,,,,,,
E161,"Cambridge Institute of Technology North Campus-Kundana, Bengaluru",GM,,,,,,,,,,,
E164,"Reva University-Yelahanka, Bengaluru",GM,,,,,,,,,,,
E165,"Alliance College of Engineering and Design. Alliance University-Anekal, Bengaluru",GM,,,,,,,,,,,
E171,"GITAM Deemed to be University-Dodaballapur taluk, Bengaluru",GM,18442,,,,,,18811,,,,
E172,"Mysore College of Engineering and Management-Chikkahalli, Mysuru",GM,,,,,,,,,,,
E173,"Presidency University-Yelahanka, Bengaluru",GM,,38514,,,,,,,,,
E183,"Jain Institute of Technology-Avaragere Village, Davangere",GM,,,,,,,,,,,
E186,"Nitte School of Architecture Planning and Design-Yelahanka, Bengaluru",GM,,,,,,,,,,,
E187,"CMR University-Bagalur-Chagalatti, Bengaluru",GM,,,,,,,20982,,38095,,
E194,"Jain College of Engineering and Technology-Unkal, Hubballi",GM,,,,,,,,,,,
E197,"M.S. Ramaiah University of Applied Sciences-MSR Nagar, Bengaluru",GM,,,,,,,,,,,
E198,"R V Institute of Technology and Management-J P Nagar, Bengaluru",GM,,,,,,,,,,,
E203,"Amruta Institute of Engineering and Management Science-Bidadi, Ramnagar Taluk, Bengaluru Rural",GM,,,,,,,,,,,
E205,"Vijaya Vittala Institution of Technology-Kothanur, Bengaluru",GM,,,,,,,,,,,
E206,"Cauvery Institute Of Technology-Sundahalli, Mandya",GM,,,,,,,,,,,
E207,"BGS College of Engineering and Technology-Mahalaxmipuram, Bengaluru",GM,,,,,,,,,,,
E209,"Aditya College of Engineering and Technology-Yelahanka, Bengaluru",GM,,,,,,,,,,,
E211,"East West College of Engineering-Yelahanka, Bengaluru",GM,,,,,,,,,,,
E212,"Seshadripuram Institute of Technology - Jaipura Hobli, Mysuru",GM,,,,,,,,,,,
College Code,College Name,Seat Type,CG-Computer Science & Design,CH-Chemical Engineering,CI-Computer Science & Engineering (Artificial Intelligence & Machine Learning),CK-Civil Engineering (Kannada),,CM-Computer & Communication Engineering,CNW-Computer Science & Engineering (Networks),,CO-Computer Science & Engineering (IOT),,
E001,"Acharya Institute of Technology-Soladevanahalli, Bengaluru",GM,,,,,,,,,,,
E003,"A.C.S. College of Engineering-Kambipura Mysore Road, Bengaluru",GM,,,,,,,,,70928,,
E004,"Adichunchanagiri Institute Of Technology-Jyothi Nagara, Chikkamagaluru",GM,,,,,,,,,,,
E005,"Akash Institute of Engineering and Technology-Devanahalli, Bengaluru Rural",GM,,,97763,,,,,,,,
E006,"Alvas Institute of Engineering and Technology-Moodbidri, Mangaluru",GM,,,,,,,,,,,
E007,"AMC Engineering College-Bannerghatta Rd, Bengaluru",GM,,,85379,,,,,,,,
E009,"Angadi Institute of Technology and Management-Savagaon Road, Belagavi",GM,,,,,,,,,,,
E011,"APS College of Engineering-Kanakapura Road, Bengaluru",GM,,,101878,,,,,,,,
E012,"Atria Institute of Technology-Hebbal, Bengaluru",GM,101751,,,,,,,,,,
E013,"Akshaya Institute of Technology-Koratagere Road, Tumakuru",GM,,,,,,,,,,,
E014,"Bharatesh Institute of Technology-Shindhollicross, Belagavi",GM,,,,,,,,,,,
E015,"B.N.M. Institute of Technology-Banashankari, Bengaluru",GM,,,,,,,,,,,
E016,"KLE Technological University Formerly known as BVBCET-Vidyanagar, Hubballi",GM,,,,,,,,,,,
E017,"Ballari Institute of Technology And Management-Near Allipura, Ballari",GM,,,,,,,,,,,
E018,"Bangalore College of Engineering and Technology-Chandapura, Bengaluru",GM,,,,,,,,,,,
E019,"Bangalore Institute of Technology-V V Puram, Bengaluru",GM,,,,,,,,,,,
E020,"Bangalore Technological Institute-Chikkanayakanahalli Dinne, Bengaluru",GM,,,,,,,,,,,
E021,"Bapuji Institute of Engineering and Technology-Shamanur Road, Davangere",GM,,,,,,,,,,,
E024,"Basaveshwar Engineering College-Vidya Nagar, Bagalkote",GM,,,,,,,,,,,
E026,"BLDEAs V.P. Dr.P.G.Halakatti College of Engineering and Technology-Ashram Road, Vijayapura",GM,,,101035,,,,,,,,
E027,"BMS College of Engineering-Basavanagudi, Bengaluru",GM,,21818,,,,,,,,,
E028,"BMS Institute of Technology and Management-Yelahanka, Bengaluru",GM,,,,,,,,,,,
E030,"Brindavan College of Engineering-Yelahanka, Bengaluru",GM,,,,,,,,,,,
E032,"C.M.R. Institute of Technology-Brookefield, Bengaluru",GM,,,14487,,,,,,,,
E033,"Cambridge Institute of Technology-K R Puram, Bengaluru",GM,,,,,,,,,,,
E035,"Channabasaveshwara Institute of Technology- Gubbi, Tumakuru",GM,,,,,,,,,,,
E037,"City Engineering College-Doddakalasandra, Bengaluru",GM,,,,,,,,,,,
E038,"Coorg Institute of Technology-Ponnampet, South Kodagu",GM,,,,,,,,,,,
E039,"Dayananda Sagar Academy of Technology and Management-Kanakpura Road, Bengaluru",GM,26888,,,,,,,,,,
E040,"Dayananda Sagar College of Engineering-Kumaraswamy Layout, Bengaluru",GM,5261,31853,,,,,,,,,
E041,"DON BOSCO Institute of Technology-Kumbalgodu, Bengaluru",GM,,,94009,,,,,,,,
E042,"Dr. Ambedkar Institute of Technology-Malathahalli, Bengaluru",GM,,,,,,,,,,,
E045,"Dr H N National College Of Engineering-Jayanagar, Bengaluru",GM,,,,,,,,,,,
E046,"East Point College of Engineering and Technology-Avalahalli, Bengaluru",GM,,,98787,,,,,,,,
E048,"East West Institute of Technology-BEL Layout, Bengaluru",GM,,,96116,,,,,,,,
E049,"Garden City University-Old Madras Road, Bengaluru",GM,,,,,,,,,,,
E050,"Global Academy of Technology-Rajarajeshwari Nagar, Bengaluru",GM,,,57489,,,,,,,,
E051,"GM Institute of Technology-P B Road, Davangere",GM,,,,,,,,,,,
E053,"Gopalan College of Engineering And Management-Whitefield, Bengaluru",GM,,,98592,,,,,,,,
E055,"GSSS Institute of Engineering and Technology for Women-Metagalli, Mysuru",GM,,,48327,,,,,,,,
E058,"Sri Jayachamarajendra College of Engineering constituent college of JSS Science and Technology University-Manasagangothri  Mysuru",GM,,,,,,,,,,,
E059,"Jawaharlal Nehru New College of Engineering JNNCE-Swalanga Road, Shivamogga",GM,,,,,,,,,,,
E060,"JSS Academy of Technical Education-Kengeri Main Road, Bengaluru",GM,,,21075,,,,,,,,
E061,JSS Science and Technology University-Mysuru,GM,,,,,,,,,,,
E062,"Jain College of Engineering-T.S Nagar, Belagavi",GM,,,100543,,,,,,,,
E064,"Jain College of Engineering and Research-Udyambag, Belagavi",GM,,,93467,,,,,,,,
E065,"KLE Technological University Formerly called as KLE Dr. M.S. Sheshgiri College of Engineering and Technology-Udyambag  Belagavi",GM,,,,,,,,,,,
E066,"KLE College of Engineering and Technology-Chikodi Dist., Belagavi",GM,,,,,,,,,,,
E067,"K.S School of Engineering And Management-Off Kanakapura Road, Bengaluru",GM,,,,,,,,,,,
E068,"K.S. Institute of Technology-Kanakapura Main Road, Bengaluru",GM,43850,,,,,97286,,,,,
E071,"Karavali Institute of Technology-Kottara, Mangaluru",GM,,,,,,,,,,,
E072,"K L E Institute of Technology-Gokul, Hubbali",GM,,,,,,,,,,,
E073,"KLS Gogte Institute of Technology-Udyambag, Belagavi",GM,,,41544,,,,,,,,
E074,"KLS Vishwanathrao Deshpande Institute of Technology-Dandeli Road, Haliyal",GM,,,94782,,,,,,,,
E075,"KNS Institute of Technology-Yelahanka, Bengaluru",GM,,,,,,,,,,,
E076,"M.S. Engineering College-Sadahalli, Bengaluru",GM,,,,,,,,,,,
E077,"M.S. Ramaiah Institute of Technology-MSR Nagar, Bengaluru",GM,,24084,1873,,,,,,,,
E078,"Maharaja Institute of Technology-Belawadi, Mandya",GM,,,78981,,,,,,99811,,
E079,"Malnad College of Engineering-Rangoli Halla, Hassan",GM,,,31460,,,,,,,,
E080,"Mangalore Institute of Technology and Engineering-Moodbidri, Mangaluru",GM,,,69117,,,,,,,,
E082,"Maharaja Institute of Technology-Thandavapura, Mysuru",GM,,,98849,,,,,,,,
E084,"Nagarjuna College of Engineering And Technology-Devanahalli, Bengaluru",GM,,,92821,,,,,,,,
E085,"The National Institute of Engineering North Campus-Koorgalli, Mysuru",GM,,,7916,,,,,,,,
E086,"Nitte Meenakshi Institute of Technology-Yelahanka, Bengaluru",GM,,,,,,,,,,,
E088,"Navodaya Institute of Technology-Bijangera, Raichur",GM,,,,,,,,,,,
E089,"P.E.S.College of Engineering-PES College Road, Mandya",GM,,,23083,,,,,,,,
E090,"PES Institute of Technology and Management-Kotegangoor Cost, Shivamogga",GM,102008,,,,,,,,,,
E095,"R V College of Engineering-Mysore Road, Bengaluru",GM,,10628,541,,,,,,,,
E097,"R.R. Institute of Technology-Chikkabanavara, Bengaluru",GM,,,,,,,,,,,
E099,"Raja Rajeswari College of Engineering-Kumbalgodu, Bengaluru",GM,,,,,,,,,,,
E101,"Rajiv Gandhi Institute of Technology-R T Nagar Post, Bengaluru",GM,,,,,,,,,,,
E104,"RNS Institute of Technology-R R Nagar Post, Bengaluru",GM,,,19229,,,,,,,,
E105,"Bheemanna Khandre Institute of Technology-Bhalki, Bidar",GM,,,,,,,,,,,
E107,"SJB Institute of Technology-Kengeri, Bengaluru",GM,,,,,,,,,,,
E108,"S J C Institute of Technology-BB Road, Chikkaballapur",GM,,,50334,,,,,,,,
E109,"S.E.A. College of Engineering and Technology-K R Puram, Bengaluru",GM,,,,,,,,,,,
E110,"SSETs S.G. Balekundri Institute of Technology-Shivabasva Nagar, Belagavi",GM,,,,,,,,,,,
E112,"Sahyadri College of Engineering and Management-Adyar, Mangaluru",GM,,,93962,,,,,,,,
E113,"Sai Vidya Institute of Technology-Rajan Kunte, Bengaluru",GM,,,99332,,,,,,,,
E114,"Sambhram Institute of Technology-Jalahalli East, Bengaluru",GM,,,,,,,,,,,
E116,"Sapthagiri NPS University-Hesarghatta Main Road, Bengaluru",GM,,,,,,,,,,,
E117,"SDM College of Engineering and Technology, Tulu Minority-Kalaghatagi, Dharwad",GM,,78766,,,,,,,,,
E118,"SDM Institute of Technology, Tulu Minority-Ujjire, Dakshina Kannada",GM,,,,,,,,,,,
E121,"Sri Sairam College of Engineering-Anekal, Bengaluru",GM,,,,,,,,,,,
E123,"Shri Madhwa Vadiraja Institute of Technology and Management-Bantakal, Udupi",GM,,,,,,,,,,,
E124,"Shridevi Institute of Engineering and Technology-Sira Road, Tumakuru",GM,,,,,,,,,,,
E125,"Siddaganga Institute of Technology-B H Road, Tumakuru",GM,,,10194,,,,,,,,
E126,"Sir M.Visvesvaraya Institute of Technology-Yelahanka, Bengaluru",GM,,,,,,,,,,,
E128,"Smt. Kamala and Sri Venkappa M. Agadi College of Engineering and Technology Laxmeswar  Gadag",GM,,,,,,,,,,,
E137,"Sri Venkateshwara College of Engineering-KIAL Road, Bengaluru",GM,,,,,,,,,,,
E138,"Srinivas Institute of Technology-Hampankatta, Mangaluru",GM,,,,,,,,,,,
E141,"T. John Institute of Technology-Bannerghatta Road, Bengaluru",GM,,,,,,,,,,,
E142,"The National Institute of Engineering South Campus-Mananthavady Road, Mysuru",GM,,,,,,,,,,,
E145,"Vemana Institute of Technology-Koramangala, Bengaluru",GM,,,,,,,,,,,
E146,"Vidya Vikas Institute of Engineering and Technology-Alnahally, Mysuru",GM,,,,,,,,,,,
E147,"Vidyavardhaka College of Engineering-Gokulam, Mysuru",GM,,,63979,,,,,,,,
E148,"Vivekananda College of Engineering and Technology-Puttur, Dakshin Kannada",GM,,,,,,,,,,,
E149,"Vivekananda Institute of Technology-Kengeri, Bengaluru",GM,,,,,,,,,,,
E152,"ATME College of Engineering-Bannur Road, Mysuru",GM,,,99599,,,,,,,,
E156,"Jyothy Institute of Technology-Tathguni, Bengaluru",GM,,,,,,,,,,,
E161,"Cambridge Institute of Technology North Campus-Kundana, Bengaluru",GM,,,,,,,,,,,
E164,"Reva University-Yelahanka, Bengaluru",GM,,,,,,,,,,,
E165,"Alliance College of Engineering and Design. Alliance University-Anekal, Bengaluru",GM,,,,,,,,,31416,,
E171,"GITAM Deemed to be University-Dodaballapur taluk, Bengaluru",GM,,,17208,,,,,,,,
E172,"Mysore College of Engineering and Management-Chikkahalli, Mysuru",GM,,,70030,,,,,,,,
E173,"Presidency University-Yelahanka, Bengaluru",GM,,,,,,,43516,,42535,,
E183,"Jain Institute of Technology-Avaragere Village, Davangere",GM,,,,,,,,,,,
E186,"Nitte School of Architecture Planning and Design-Yelahanka, Bengaluru",GM,,,,,,,,,,,
E187,"CMR University-Bagalur-Chagalatti, Bengaluru",GM,,,,,,,,,,,
E194,"Jain College of Engineering and Technology-Unkal, Hubballi",GM,,,,,,,,,,,
E197,"M.S. Ramaiah University of Applied Sciences-MSR Nagar, Bengaluru",GM,,,,,,,,,,,
E198,"R V Institute of Technology and Management-J P Nagar, Bengaluru",GM,,,,,,,,,,,
E203,"Amruta Institute of Engineering and Management Science-Bidadi, Ramnagar Taluk, Bengaluru Rural",GM,,,,,,,,,,,
E205,"Vijaya Vittala Institution of Technology-Kothanur, Bengaluru",GM,,,33447,,,,,,,,
E206,"Cauvery Institute Of Technology-Sundahalli, Mandya",GM,,,,,,,,,,,
E207,"BGS College of Engineering and Technology-Mahalaxmipuram, Bengaluru",GM,89871,,,,,,,,,,
E209,"Aditya College of Engineering and Technology-Yelahanka, Bengaluru",GM,,,,,,,,,,,
E211,"East West College of Engineering-Yelahanka, Bengaluru",GM,,,,,,,,,,,
E212,"Seshadripuram Institute of Technology - Jaipura Hobli, Mysuru",GM,,,,,,,,,,,
College Code,College Name,Seat Type,COS-Computer Science,CS-Computer Science & Engineering,CSD-Computer Science & Technology (Devops),CST-Computer Science & Technology,,CU-Cyber Security,CV-Civil Engineering,,CY-Computer Science & Engineering (Cyber Security),,
E001,"Acharya Institute of Technology-Soladevanahalli, Bengaluru",GM,,27702,,,,,,,,,
E003,"A.C.S. College of Engineering-Kambipura Mysore Road, Bengaluru",GM,,99710,,,,,,,83190,,
E004,"Adichunchanagiri Institute Of Technology-Jyothi Nagara, Chikkamagaluru",GM,,94331,,,,,,,,,
E005,"Akash Institute of Engineering and Technology-Devanahalli, Bengaluru Rural",GM,,47617,,,,,,,28781,,
E006,"Alvas Institute of Engineering and Technology-Moodbidri, Mangaluru",GM,,96523,,,,,,,,,
E007,"AMC Engineering College-Bannerghatta Rd, Bengaluru",GM,,67344,,,,,51676,,,,
E009,"Angadi Institute of Technology and Management-Savagaon Road, Belagavi",GM,,86707,,,,,,,,,
E011,"APS College of Engineering-Kanakapura Road, Bengaluru",GM,,94338,,,,,,,,,
E012,"Atria Institute of Technology-Hebbal, Bengaluru",GM,,46740,,,,,,,,,
E013,"Akshaya Institute of Technology-Koratagere Road, Tumakuru",GM,,,,,,,,,,,
E014,"Bharatesh Institute of Technology-Shindhollicross, Belagavi",GM,,56249,,,,,,,,,
E015,"B.N.M. Institute of Technology-Banashankari, Bengaluru",GM,,16889,,,,,,,,,
E016,"KLE Technological University Formerly known as BVBCET-Vidyanagar, Hubballi",GM,,16998,,,,,94080,,,,
E017,"Ballari Institute of Technology And Management-Near Allipura, Ballari",GM,,87561,,,,,,,,,
E018,"Bangalore College of Engineering and Technology-Chandapura, Bengaluru",GM,,44591,,,,,,,,,
E019,"Bangalore Institute of Technology-V V Puram, Bengaluru",GM,,6537,,,,,97516,,,,
E020,"Bangalore Technological Institute-Chikkanayakanahalli Dinne, Bengaluru",GM,,98636,,,,,,,,,
E021,"Bapuji Institute of Engineering and Technology-Shamanur Road, Davangere",GM,,61039,,,,,,,,,
E024,"Basaveshwar Engineering College-Vidya Nagar, Bagalkote",GM,,76915,,,,,75052,,,,
E026,"BLDEAs V.P. Dr.P.G.Halakatti College of Engineering and Technology-Ashram Road, Vijayapura",GM,,93560,,,,,,,,,
E027,"BMS College of Engineering-Basavanagudi, Bengaluru",GM,,2365,,,,,28307,,,,
E028,"BMS Institute of Technology and Management-Yelahanka, Bengaluru",GM,,7109,,,,,48530,,,,
E030,"Brindavan College of Engineering-Yelahanka, Bengaluru",GM,,96735,,,,,,,,,
E032,"C.M.R. Institute of Technology-Brookefield, Bengaluru",GM,,13498,,,,,,,,,
E033,"Cambridge Institute of Technology-K R Puram, Bengaluru",GM,,30395,,,,,86899,,,,
E035,"Channabasaveshwara Institute of Technology- Gubbi, Tumakuru",GM,,89505,,,,,,,,,
E037,"City Engineering College-Doddakalasandra, Bengaluru",GM,,,,,,,,,,,
E038,"Coorg Institute of Technology-Ponnampet, South Kodagu",GM,,101248,,,,,,,,,
E039,"Dayananda Sagar Academy of Technology and Management-Kanakpura Road, Bengaluru",GM,,21935,,,,,,,24214,,
E040,"Dayananda Sagar College of Engineering-Kumaraswamy Layout, Bengaluru",GM,,3657,,,,,52145,,4400,,
E041,"DON BOSCO Institute of Technology-Kumbalgodu, Bengaluru",GM,,101294,,,,,,,,,
E042,"Dr. Ambedkar Institute of Technology-Malathahalli, Bengaluru",GM,,22388,,,,,46972,,,,
E045,"Dr H N National College Of Engineering-Jayanagar, Bengaluru",GM,,100705,,,,,,,,,
E046,"East Point College of Engineering and Technology-Avalahalli, Bengaluru",GM,,96649,,,,,,,,,
E048,"East West Institute of Technology-BEL Layout, Bengaluru",GM,,94259,,,,,,,,,
E049,"Garden City University-Old Madras Road, Bengaluru",GM,85755,,,,,,,,,,
E050,"Global Academy of Technology-Rajarajeshwari Nagar, Bengaluru",GM,,42559,,,,,,,,,
E051,"GM Institute of Technology-P B Road, Davangere",GM,,101537,,,,,,,,,
E053,"Gopalan College of Engineering And Management-Whitefield, Bengaluru",GM,,81358,,,,,,,,,
E055,"GSSS Institute of Engineering and Technology for Women-Metagalli, Mysuru",GM,,35678,,,,,,,,,
E058,"Sri Jayachamarajendra College of Engineering constituent college of JSS Science and Technology University-Manasagangothri  Mysuru",GM,,3137,,,,,,,,,
E059,"Jawaharlal Nehru New College of Engineering JNNCE-Swalanga Road, Shivamogga",GM,,64634,,,,,,,,,
E060,"JSS Academy of Technical Education-Kengeri Main Road, Bengaluru",GM,,20631,,,,,83560,,,,
E061,JSS Science and Technology University-Mysuru,GM,,,,,,,102358,,,,
E062,"Jain College of Engineering-T.S Nagar, Belagavi",GM,,100802,,,,,,,,,
E064,"Jain College of Engineering and Research-Udyambag, Belagavi",GM,,101323,,,,,42421,,,,
E065,"KLE Technological University Formerly called as KLE Dr. M.S. Sheshgiri College ofEngineering and Technology-Udyambag  Belagavi",GM,,53562,,,,,,,,,
E066,"KLE College of Engineering and Technology-Chikodi Dist., Belagavi",GM,,90921,,,,,,,,,
E067,"K.S School of Engineering And Management-Off Kanakapura Road, Bengaluru",GM,,93988,,,,,,,,,
E068,"K.S. Institute of Technology-Kanakapura Main Road, Bengaluru",GM,,89820,,,,,,,,,
E071,"Karavali Institute of Technology-Kottara, Mangaluru",GM,,20667,,,,,,,,,
E072,"K L E Institute of Technology-Gokul, Hubbali",GM,,55567,,,,,,,,,
E073,"KLS Gogte Institute of Technology-Udyambag, Belagavi",GM,,34599,,,,,,,,,
E074,"KLS Vishwanathrao Deshpande Institute of Technology-Dandeli Road, Haliyal",GM,,96723,,,,,,,,,
E075,"KNS Institute of Technology-Yelahanka, Bengaluru",GM,,68529,,,,,,,,,
E076,"M.S. Engineering College-Sadahalli, Bengaluru",GM,,82217,,,,,,,,,
E077,"M.S. Ramaiah Institute of Technology-MSR Nagar, Bengaluru",GM,,1177,,,,,29018,,2486,,
E078,"Maharaja Institute of Technology-Belawadi, Mandya",GM,,85186,,,,,,,,,
E079,"Malnad College of Engineering-Rangoli Halla, Hassan",GM,,77630,,,,,,,,,
E080,"Mangalore Institute of Technology and Engineering-Moodbidri, Mangaluru",GM,,64527,,,,,,,,,
E082,"Maharaja Institute of Technology-Thandavapura, Mysuru",GM,,93542,,,,,77427,,,,
E084,"Nagarjuna College of Engineering And Technology-Devanahalli, Bengaluru",GM,,98172,,,,,,,,,
E085,"The National Institute of Engineering North Campus-Koorgalli, Mysuru",GM,,6952,,,,,,,,,
E086,"Nitte Meenakshi Institute of Technology-Yelahanka, Bengaluru",GM,,9907,,,,,94905,,,,
E088,"Navodaya Institute of Technology-Bijangera, Raichur",GM,,19052,,,,,,,,,
E089,"P.E.S.College of Engineering-PES College Road, Mandya",GM,,24037,,,,,87141,,,,
E090,"PES Institute of Technology and Management-Kotegangoor Cost, Shivamogga",GM,,62711,,,,,,,,,
E095,"R V College of Engineering-Mysore Road, Bengaluru",GM,,328,,,,,15050,,647,,
E097,"R.R. Institute of Technology-Chikkabanavara, Bengaluru",GM,,96357,,,,,,,,,
E099,"Raja Rajeswari College of Engineering-Kumbalgodu, Bengaluru",GM,,102167,,,,,,,,,
E101,"Rajiv Gandhi Institute of Technology-R T Nagar Post, Bengaluru",GM,,100446,,,,,,,,,
E104,"RNS Institute of Technology-R R Nagar Post, Bengaluru",GM,,16621,,,,,93455,,20338,,
E105,"Bheemanna Khandre Institute of Technology-Bhalki, Bidar",GM,,65666,,,,,,,,,
E107,"SJB Institute of Technology-Kengeri, Bengaluru",GM,,32377,,,,,,,,,
E108,"S J C Institute of Technology-BB Road, Chikkaballapur",GM,,93381,,,,,,,,,
E109,"S.E.A. College of Engineering and Technology-K R Puram, Bengaluru",GM,,68172,,,,,,,,,
E110,"SSETs S.G. Balekundri Institute of Technology-Shivabasva Nagar, Belagavi",GM,,84191,,,,,,,,,
E112,"Sahyadri College of Engineering and Management-Adyar, Mangaluru",GM,,96203,,,,,,,,,
E113,"Sai Vidya Institute of Technology-Rajan Kunte, Bengaluru",GM,,71662,,,,,,,,,
E114,"Sambhram Institute of Technology-Jalahalli East, Bengaluru",GM,,85964,,,,,,,,,
E116,"Sapthagiri NPS University-Hesarghatta Main Road, Bengaluru",GM,,50383,,,,,,,,,
E117,"SDM College of Engineering and Technology, Tulu Minority-Kalaghatagi, Dharwad",GM,,29571,,,,,,,,,
E118,"SDM Institute of Technology, Tulu Minority-Ujjire, Dakshina Kannada",GM,,91944,,,,,,,,,
E121,"Sri Sairam College of Engineering-Anekal, Bengaluru",GM,,94032,,,,,,,,,
E123,"Shri Madhwa Vadiraja Institute of Technology and Management-Bantakal, Udupi",GM,,45823,,,,,,,,,
E124,"Shridevi Institute of Engineering and Technology-Sira Road, Tumakuru",GM,,67287,,,,,,,,,
E125,"Siddaganga Institute of Technology-B H Road, Tumakuru",GM,,9349,,,,,,,,,
E126,"Sir M.Visvesvaraya Institute of Technology-Yelahanka, Bengaluru",GM,,12691,,,,,91674,,,,
E128,"Smt. Kamala and Sri Venkappa M. Agadi College of Engineering and Technology, Laxmeswar, Gadag",GM,,64041,,,,,,,,,
E137,"Sri Venkateshwara College of Engineering-KIAL Road, Bengaluru",GM,,98588,,,,,,,85632,,
E138,"Srinivas Institute of Technology-Hampankatta, Mangaluru",GM,,,,,,,,,,,
E141,"T. John Institute of Technology-Bannerghatta Road, Bengaluru",GM,,84554,,,,,,,,,
E142,"The National Institute of Engineering South Campus-Mananthavady Road, Mysuru",GM,,,,,,,75615,,,,
E145,"Vemana Institute of Technology-Koramangala, Bengaluru",GM,,100510,,,,,,,,,
E146,"Vidya Vikas Institute of Engineering and Technology-Alnahally, Mysuru",GM,,97237,,,,,,,,,
E147,"Vidyavardhaka College of Engineering-Gokulam, Mysuru",GM,,46623,,,,,81483,,,,
E148,"Vivekananda College of Engineering and Technology-Puttur, Dakshin Kannada",GM,,,,,,,,,,,
E149,"Vivekananda Institute of Technology-Kengeri, Bengaluru",GM,,66245,,,,,,,,,
E152,"ATME College of Engineering-Bannur Road, Mysuru",GM,,94717,,,,,,,,,
E156,"Jyothy Institute of Technology-Tathguni, Bengaluru",GM,,99899,,,,,,,,,
E161,"Cambridge Institute of Technology North Campus-Kundana, Bengaluru",GM,,97889,,,,,,,94235,,
E164,"Reva University-Yelahanka, Bengaluru",GM,,,,,,,68675,,,,
E165,"Alliance College of Engineering and Design. Alliance University-Anekal, Bengaluru",GM,,21358,,,,,,,26320,,
E171,"GITAM Deemed to be University-Dodaballapur taluk, Bengaluru",GM,,13057,,,,,,,19014,,
E172,"Mysore College of Engineering and Management-Chikkahalli, Mysuru",GM,,,,,,,,,,,
E173,"Presidency University-Yelahanka, Bengaluru",GM,,18683,33315,,,,99903,,,,
E183,"Jain Institute of Technology-Avaragere Village, Davangere",GM,,,,,,,,,,,
E186,"Nitte School of Architecture Planning and Design-Yelahanka, Bengaluru",GM,,,,,,,,,,,
E187,"CMR University-Bagalur-Chagalatti, Bengaluru",GM,,48149,,35198,,,,,,,
E194,"Jain College of Engineering and Technology-Unkal, Hubballi",GM,,98288,,,,,,,,,
E197,"M.S. Ramaiah University of Applied Sciences-MSR Nagar, Bengaluru",GM,,,,,,,69978,,,,
E198,"R V Institute of Technology and Management-J P Nagar, Bengaluru",GM,,8608,,,,,,,,,
E203,"Amruta Institute of Engineering and Management Science-Bidadi, Ramnagar Taluk, Bengaluru Rural",GM,,88961,,,,,,,,,
E205,"Vijaya Vittala Institution of Technology-Kothanur, Bengaluru",GM,,,,,,,,,,,
E206,"Cauvery Institute Of Technology-Sundahalli, Mandya",GM,,64881,,,,,,,,,
E207,"BGS College of Engineering and Technology-Mahalaxmipuram, Bengaluru",GM,,49177,,,,,,,,,
E209,"Aditya College of Engineering and Technology-Yelahanka, Bengaluru",GM,,,,,,,,,,,
E211,"East West College of Engineering-Yelahanka, Bengaluru",GM,,94269,,,,,,,,,
E212,"Seshadripuram Institute of Technology - Jaipura Hobli, Mysuru",GM,,90114,,,,,,,,,
College Code,College Name,Seat Type,DS-Data Science,ECE-Electrical & Computer Engineering,EC-Electronics & Communication Engineering,,EE-Electrical & Electronics Engineering,EIE-Electronics & Instrumentation Engineering (Inst. Technology),,EI-Electronics & Instrumentation Engineering,,ES-Electronics & Computer Science,
E001,"Acharya Institute of Technology-Soladevanahalli, Bengaluru",GM,,,46798,,89954,,,,,,
E003,"A.C.S. College of Engineering-Kambipura Mysore Road, Bengaluru",GM,,,64831,,,,,,,,
E004,"Adichunchanagiri Institute Of Technology-Jyothi Nagara, Chikkamagaluru",GM,,,,,,,,,,,
E005,"Akash Institute of Engineering and Technology-Devanahalli, Bengaluru Rural",GM,,,90125,,,,,,,,
E006,"Alvas Institute of Engineering and Technology-Moodbidri, Mangaluru",GM,,,,,,,,,,,
E007,"AMC Engineering College-Bannerghatta Rd, Bengaluru",GM,,,95327,,61791,,,,,,
E009,"Angadi Institute of Technology and Management-Savagaon Road, Belagavi",GM,,,,,,,,,,,
E011,"APS College of Engineering-Kanakapura Road, Bengaluru",GM,,,80981,,,,,,,,
E012,"Atria Institute of Technology-Hebbal, Bengaluru",GM,,,96718,,,,,,,,
E013,"Akshaya Institute of Technology-Koratagere Road, Tumakuru",GM,,,,,,,,,,,
E014,"Bharatesh Institute of Technology-Shindhollicross, Belagavi",GM,,,,,,,,,,,
E015,"B.N.M. Institute of Technology-Banashankari, Bengaluru",GM,,,26509,,51772,,,,,,
E016,"KLE Technological University Formerly known as BVBCET-Vidyanagar, Hubballi",GM,,,36877,,69109,,,,,,
E017,"Ballari Institute of Technology And Management-Near Allipura, Ballari",GM,,,,,,,,,,,
E018,"Bangalore College of Engineering and Technology-Chandapura, Bengaluru",GM,,,95588,,,,,,,,
E019,"Bangalore Institute of Technology-V V Puram, Bengaluru",GM,,,14080,,24071,,,27533,,,
E020,"Bangalore Technological Institute-Chikkanayakanahalli Dinne, Bengaluru",GM,,,60623,,,,,,,,
E021,"Bapuji Institute of Engineering and Technology-Shamanur Road, Davangere",GM,,,96226,,60325,,,,,,
E024,"Basaveshwar Engineering College-Vidya Nagar, Bagalkote",GM,,,89042,,,,,,,,
E026,"BLDEAs V.P. Dr.P.G.Halakatti College of Engineering and Technology-Ashram Road,Vijayapura",GM,,,,,,,,,,,
E027,"BMS College of Engineering-Basavanagudi, Bengaluru",GM,,,3826,,,,,,,,
E028,"BMS Institute of Technology and Management-Yelahanka, Bengaluru",GM,,,12506,,19198,,,,,,
E030,"Brindavan College of Engineering-Yelahanka, Bengaluru",GM,,,,,,,,,,,
E032,"C.M.R. Institute of Technology-Brookefield, Bengaluru",GM,,,27677,,,,,,,,
E033,"Cambridge Institute of Technology-K R Puram, Bengaluru",GM,,,78410,,102197,,,,,,
E035,"Channabasaveshwara Institute of Technology- Gubbi, Tumakuru",GM,,,,,,,,,,,
E037,"City Engineering College-Doddakalasandra, Bengaluru",GM,,,80066,,,,,,,,
E038,"Coorg Institute of Technology-Ponnampet, South Kodagu",GM,,,,,,,,,,,
E039,"Dayananda Sagar Academy of Technology and Management-Kanakpura Road,Bengaluru",GM,,,30294,,38790,,,,,,
E040,"Dayananda Sagar College of Engineering-Kumaraswamy Layout, Bengaluru",GM,,,8789,,19791,,,19703,,,
E041,"DON BOSCO Institute of Technology-Kumbalgodu, Bengaluru",GM,,,91686,,,,,,,,
E042,"Dr. Ambedkar Institute of Technology-Malathahalli, Bengaluru",GM,,,31182,,,,,,,,
E045,"Dr H N National College Of Engineering-Jayanagar, Bengaluru",GM,,,,,,,,,,,
E046,"East Point College of Engineering and Technology-Avalahalli, Bengaluru",GM,,,,,,,,,,,
E048,"East West Institute of Technology-BEL Layout, Bengaluru",GM,,,95247,,,,,,,,
E049,"Garden City University-Old Madras Road, Bengaluru",GM,,,,,,,,,,,
E050,"Global Academy of Technology-Rajarajeshwari Nagar, Bengaluru",GM,,,99828,,75085,,,,,,
E051,"GM Institute of Technology-P B Road, Davangere",GM,,,,,,,,,,,
E053,"Gopalan College of Engineering And Management-Whitefield, Bengaluru",GM,,,,,,,,,,,
E055,"GSSS Institute of Engineering and Technology for Women-Metagalli, Mysuru",GM,,,100387,,,,,,,,
E058,"Sri Jayachamarajendra College of Engineering constituent college of JSS Scienceand Technology University-Manasagangothri  Mysuru",GM,,,,,,,,,,,
E059,"Jawaharlal Nehru New College of Engineering JNNCE-Swalanga Road, Shivamogga",GM,,,92231,,,,,,,,
E060,"JSS Academy of Technical Education-Kengeri Main Road, Bengaluru",GM,,,33724,,,,,43916,,,
E061,JSS Science and Technology University-Mysuru,GM,,,,,,,,,,,
E062,"Jain College of Engineering-T.S Nagar, Belagavi",GM,,,92034,,,,,,,,
E064,"Jain College of Engineering and Research-Udyambag, Belagavi",GM,,,98307,,,,,,,,
E065,"KLE Technological University Formerly called as KLE Dr. M.S. Sheshgiri College ofEngineering and Technology-Udyambag  Belagavi",GM,,,72832,,59941,,,,,,
E066,"KLE College of Engineering and Technology-Chikodi Dist., Belagavi",GM,,,73016,,,,,,,,
E067,"K.S School of Engineering And Management-Off Kanakapura Road, Bengaluru",GM,,,,,,,,,,,
E068,"K.S. Institute of Technology-Kanakapura Main Road, Bengaluru",GM,,,96066,,,,,,,,
E071,"Karavali Institute of Technology-Kottara, Mangaluru",GM,,,,,,,,,,,
E072,"K L E Institute of Technology-Gokul, Hubbali",GM,,,85396,,99769,,,,,,
E073,"KLS Gogte Institute of Technology-Udyambag, Belagavi",GM,,,59569,,74000,,,,,,
E074,"KLS Vishwanathrao Deshpande Institute of Technology-Dandeli Road, Haliyal",GM,,,94759,,,,,,,,
E075,"KNS Institute of Technology-Yelahanka, Bengaluru",GM,,,,,,,,,,,
E076,"M.S. Engineering College-Sadahalli, Bengaluru",GM,,,,,,,,,,,
E077,"M.S. Ramaiah Institute of Technology-MSR Nagar, Bengaluru",GM,,,3445,,5001,,,5404,,,
E078,"Maharaja Institute of Technology-Belawadi, Mandya",GM,,,99974,,,,,,,,
E079,"Malnad College of Engineering-Rangoli Halla, Hassan",GM,,,76518,,,,,,,,
E080,"Mangalore Institute of Technology and Engineering-Moodbidri, Mangaluru",GM,,,,,,,,,,,
E082,"Maharaja Institute of Technology-Thandavapura, Mysuru",GM,,,,,,,,,,,
E084,"Nagarjuna College of Engineering And Technology-Devanahalli, Bengaluru",GM,,,77211,,,,,,,,
E085,"The National Institute of Engineering North Campus-Koorgalli, Mysuru",GM,,,,,,,,,,,
E086,"Nitte Meenakshi Institute of Technology-Yelahanka, Bengaluru",GM,,,15749,,29070,,,,,,
E088,"Navodaya Institute of Technology-Bijangera, Raichur",GM,,,,,,,,,,,
E089,"P.E.S.College of Engineering-PES College Road, Mandya",GM,,,37923,,40919,,,,,,
E090,"PES Institute of Technology and Management-Kotegangoor Cost, Shivamogga",GM,,,80899,,84401,,,,,,
E095,"R V College of Engineering-Mysore Road, Bengaluru",GM,,,1069,,2618,,,,,,
E097,"R.R. Institute of Technology-Chikkabanavara, Bengaluru",GM,,,,,,,,,,,
E099,"Raja Rajeswari College of Engineering-Kumbalgodu, Bengaluru",GM,,,,,,,,,,,
E101,"Rajiv Gandhi Institute of Technology-R T Nagar Post, Bengaluru",GM,,,,,,,,,,,
E104,"RNS Institute of Technology-R R Nagar Post, Bengaluru",GM,,,25906,,27400,,,,,,
E105,"Bheemanna Khandre Institute of Technology-Bhalki, Bidar",GM,,,,,,,,,,,
E107,"SJB Institute of Technology-Kengeri, Bengaluru",GM,,,90968,,56061,,,,,,
E108,"S J C Institute of Technology-BB Road, Chikkaballapur",GM,,,,,,,,,,,
E109,"S.E.A. College of Engineering and Technology-K R Puram, Bengaluru",GM,,,,,,,,,,,
E110,"SSETs S.G. Balekundri Institute of Technology-Shivabasva Nagar, Belagavi",GM,,,94716,,,,,,,,
E112,"Sahyadri College of Engineering and Management-Adyar, Mangaluru",GM,,,37264,,,,,,,,
E113,"Sai Vidya Institute of Technology-Rajan Kunte, Bengaluru",GM,,,94982,,,,,,,,
E114,"Sambhram Institute of Technology-Jalahalli East, Bengaluru",GM,,,,,,,,,,,
E116,"Sapthagiri NPS University-Hesarghatta Main Road, Bengaluru",GM,,,93230,,,,,,,,
E117,"SDM College of Engineering and Technology, Tulu Minority-Kalaghatagi, Dharwad",GM,,,51657,,86323,,,,,,
E118,"SDM Institute of Technology, Tulu Minority-Ujjire, Dakshina Kannada",GM,,,,,,,,,,,
E121,"Sri Sairam College of Engineering-Anekal, Bengaluru",GM,,,101910,,,,,,,,
E123,"Shri Madhwa Vadiraja Institute of Technology and Management-Bantakal, Udupi",GM,,,,,,,,,,,
E124,"Shridevi Institute of Engineering and Technology-Sira Road, Tumakuru",GM,,,,,,,,,,,
E125,"Siddaganga Institute of Technology-B H Road, Tumakuru",GM,,,16822,,23411,32840,,,,,
E126,"Sir M.Visvesvaraya Institute of Technology-Yelahanka, Bengaluru",GM,,,21160,,44710,,,,,,
E128,"Smt. Kamala and Sri Venkappa M. Agadi College of Engineering and TechnologyLaxmeswar  Gadag",GM,,,,,,,,,,,
E137,"Sri Venkateshwara College of Engineering-KIAL Road, Bengaluru",GM,,,,,,,,,,,
E138,"Srinivas Institute of Technology-Hampankatta, Mangaluru",GM,,,,,,,,,,,
E141,"T. John Institute of Technology-Bannerghatta Road, Bengaluru",GM,,,,,,,,,,,
E142,"The National Institute of Engineering South Campus-Mananthavady Road, Mysuru",GM,,,13319,,32272,,,,,,
E145,"Vemana Institute of Technology-Koramangala, Bengaluru",GM,,,,,,,,,,,
E146,"Vidya Vikas Institute of Engineering and Technology-Alnahally, Mysuru",GM,,,,,,,,,,,
E147,"Vidyavardhaka College of Engineering-Gokulam, Mysuru",GM,,,78780,,99930,,,,,,
E148,"Vivekananda College of Engineering and Technology-Puttur, Dakshin Kannada",GM,,,,,,,,,,,
E149,"Vivekananda Institute of Technology-Kengeri, Bengaluru",GM,,,,,,,,,,,
E152,"ATME College of Engineering-Bannur Road, Mysuru",GM,,,,,,,,,,,
E156,"Jyothy Institute of Technology-Tathguni, Bengaluru",GM,,,,,,,,,,,
E161,"Cambridge Institute of Technology North Campus-Kundana, Bengaluru",GM,,,89046,,,,,,,,
E164,"Reva University-Yelahanka, Bengaluru",GM,,,33350,,51782,,,,,,
E165,"Alliance College of Engineering and Design. Alliance University-Anekal, Bengaluru",GM,,,31335,,98617,,,,,,
E171,"GITAM Deemed to be University-Dodaballapur taluk, Bengaluru",GM,,79221,72812,,,,,,,,
E172,"Mysore College of Engineering and Management-Chikkahalli, Mysuru",GM,,,,,,,,,,,
E173,"Presidency University-Yelahanka, Bengaluru",GM,,,,,99735,,,,,,
E183,"Jain Institute of Technology-Avaragere Village, Davangere",GM,,,,,,,,,,,
E186,"Nitte School of Architecture Planning and Design-Yelahanka, Bengaluru",GM,,,,,,,,,,,
E187,"CMR University-Bagalur-Chagalatti, Bengaluru",GM,,,38445,,,,,,,,
E194,"Jain College of Engineering and Technology-Unkal, Hubballi",GM,,,,,,,,,,,
E197,"M.S. Ramaiah University of Applied Sciences-MSR Nagar, Bengaluru",GM,,,,,,,,,,,
E198,"R V Institute of Technology and Management-J P Nagar, Bengaluru",GM,,,11905,,,,,,,,
E203,"Amruta Institute of Engineering and Management Science-Bidadi, Ramnagar Taluk,Bengaluru Rural",GM,,,,,,,,,,,
E205,"Vijaya Vittala Institution of Technology-Kothanur, Bengaluru",GM,,,,,,,,,,,
E206,"Cauvery Institute Of Technology-Sundahalli, Mandya",GM,,,,,,,,,,,
E207,"BGS College of Engineering and Technology-Mahalaxmipuram, Bengaluru",GM,,,,,,,,,,,
E209,"Aditya College of Engineering and Technology-Yelahanka, Bengaluru",GM,,,,,,,,,,,
E211,"East West College of Engineering-Yelahanka, Bengaluru",GM,,,,,,,,,,,
E212,"Seshadripuram Institute of Technology - Jaipura Hobli, Mysuru",GM,,,,,,,,,,,
College Code,College Name,Seat Type,ET-Electronics & Telecommunicati on Engineering,IAR - Information Technology (Augmented Reality and Virtual Reality (AR / VR),IC-Computer Science & Engineering (IOT & Cyber Security Including Block Chain Technology),IDA -Information Technology (Data Analytics),,IM-Industrial Engineering & Management,INT-Information Technology,,IP-Industrial & Production Engineering,,
E001,"Acharya Institute of Technology-Soladevanahalli, Bengaluru",GM,,,,,,,,,,,
E003,"A.C.S. College of Engineering-Kambipura Mysore Road, Bengaluru",GM,,,,,,,,,,,
E004,"Adichunchanagiri Institute Of Technology-Jyothi Nagara, Chikkamagaluru",GM,,,,,,,,,,,
E005,"Akash Institute of Engineering and Technology-Devanahalli, Bengaluru Rural",GM,,,,,,,,,,,
E006,"Alvas Institute of Engineering and Technology-Moodbidri, Mangaluru",GM,,,,,,,,,,,
E007,"AMC Engineering College-Bannerghatta Rd, Bengaluru",GM,,,,,,,,,,,
E009,"Angadi Institute of Technology and Management-Savagaon Road, Belagavi",GM,,,,,,,,,,,
E011,"APS College of Engineering-Kanakapura Road, Bengaluru",GM,,,,,,,,,,,
E012,"Atria Institute of Technology-Hebbal, Bengaluru",GM,,,,,,,,,,,
E013,"Akshaya Institute of Technology-Koratagere Road, Tumakuru",GM,,,,,,,,,,,
E014,"Bharatesh Institute of Technology-Shindhollicross, Belagavi",GM,,,,,,,,,,,
E015,"B.N.M. Institute of Technology-Banashankari, Bengaluru",GM,,,,,,,,,,,
E016,"KLE Technological University Formerly known as BVBCET-Vidyanagar, Hubballi",GM,,,,,,,,,,,
E017,"Ballari Institute of Technology And Management-Near Allipura, Ballari",GM,,,,,,,,,,,
E018,"Bangalore College of Engineering and Technology-Chandapura, Bengaluru",GM,,,,,,,,,,,
E019,"Bangalore Institute of Technology-V V Puram, Bengaluru",GM,21187,,8634,,,,,,,,
E020,"Bangalore Technological Institute-Chikkanayakanahalli Dinne, Bengaluru",GM,,,,,,,,,,,
E021,"Bapuji Institute of Engineering and Technology-Shamanur Road, Davangere",GM,,,,,,,,,,,
E024,"Basaveshwar Engineering College-Vidya Nagar, Bagalkote",GM,,,,,,,,,,,
E026,"BLDEAs V.P. Dr.P.G.Halakatti College of Engineering and Technology-Ashram Road,Vijayapura",GM,,,,,,,,,,,
E027,"BMS College of Engineering-Basavanagudi, Bengaluru",GM,,,2578,,,,,,,,
E028,"BMS Institute of Technology and Management-Yelahanka, Bengaluru",GM,,,,,,,,,,,
E030,"Brindavan College of Engineering-Yelahanka, Bengaluru",GM,,,,,,,,,,,
E032,"C.M.R. Institute of Technology-Brookefield, Bengaluru",GM,,,,,,,,,,,
E033,"Cambridge Institute of Technology-K R Puram, Bengaluru",GM,,,41334,,,,,,,,
E035,"Channabasaveshwara Institute of Technology- Gubbi, Tumakuru",GM,,,,,,,,,,,
E037,"City Engineering College-Doddakalasandra, Bengaluru",GM,,,,,,,,,,,
E038,"Coorg Institute of Technology-Ponnampet, South Kodagu",GM,,,,,,,,,,,
E039,"Dayananda Sagar Academy of Technology and Management-Kanakpura Road,Bengaluru",GM,,,27385,,,,,,,,
E040,"Dayananda Sagar College of Engineering-Kumaraswamy Layout, Bengaluru",GM,16181,,4891,,,,,,,,
E041,"DON BOSCO Institute of Technology-Kumbalgodu, Bengaluru",GM,,,,,,,,,,,
E042,"Dr. Ambedkar Institute of Technology-Malathahalli, Bengaluru",GM,,,,,,,,,,,
E045,"Dr H N National College Of Engineering-Jayanagar, Bengaluru",GM,,,,,,,,,,,
E046,"East Point College of Engineering and Technology-Avalahalli, Bengaluru",GM,,,77102,,,,,,,,
E048,"East West Institute of Technology-BEL Layout, Bengaluru",GM,,,33411,,,,,,,,
E049,"Garden City University-Old Madras Road, Bengaluru",GM,,,,,,,,,,,
E050,"Global Academy of Technology-Rajarajeshwari Nagar, Bengaluru",GM,,,,,,,,,,,
E051,"GM Institute of Technology-P B Road, Davangere",GM,,,,,,,,,,,
E053,"Gopalan College of Engineering And Management-Whitefield, Bengaluru",GM,,,,,,,,,,,
E055,"GSSS Institute of Engineering and Technology for Women-Metagalli, Mysuru",GM,,,,,,,,,,,
E058,"Sri Jayachamarajendra College of Engineering constituent college of JSS Scienceand Technology University-Manasagangothri  Mysuru",GM,,,,,,,,,,,
E059,"Jawaharlal Nehru New College of Engineering JNNCE-Swalanga Road, Shivamogga",GM,,,,,,,,,,,
E060,"JSS Academy of Technical Education-Kengeri Main Road, Bengaluru",GM,,,,,,,,,,,
E061,JSS Science and Technology University-Mysuru,GM,,,,,,,,,,,
E062,"Jain College of Engineering-T.S Nagar, Belagavi",GM,,,,,,,,,,,
E064,"Jain College of Engineering and Research-Udyambag, Belagavi",GM,,,,,,,,,,,
E065,"KLE Technological University Formerly called as KLE Dr. M.S. Sheshgiri College ofEngineering and Technology-Udyambag  Belagavi",GM,,,,,,,,,,,
E066,"KLE College of Engineering and Technology-Chikodi Dist., Belagavi",GM,,,,,,,,,,,
E067,"K.S School of Engineering And Management-Off Kanakapura Road, Bengaluru",GM,,,,,,,,,,,
E068,"K.S. Institute of Technology-Kanakapura Main Road, Bengaluru",GM,,,68951,,,,,,,,
E071,"Karavali Institute of Technology-Kottara, Mangaluru",GM,,,,,,,,,,,
E072,"K L E Institute of Technology-Gokul, Hubbali",GM,,,,,,,,,,,
E073,"KLS Gogte Institute of Technology-Udyambag, Belagavi",GM,,,,,,,,,,,
E074,"KLS Vishwanathrao Deshpande Institute of Technology-Dandeli Road, Haliyal",GM,,,,,,,,,,,
E075,"KNS Institute of Technology-Yelahanka, Bengaluru",GM,,,,,,,,,,,
E076,"M.S. Engineering College-Sadahalli, Bengaluru",GM,,,,,,,,,,,
E077,"M.S. Ramaiah Institute of Technology-MSR Nagar, Bengaluru",GM,4376,,,,,25110,,,,,
E078,"Maharaja Institute of Technology-Belawadi, Mandya",GM,,,,,,,,,,,
E079,"Malnad College of Engineering-Rangoli Halla, Hassan",GM,,,,,,,,,,,
E080,"Mangalore Institute of Technology and Engineering-Moodbidri, Mangaluru",GM,,,,,,,,,,,
E082,"Maharaja Institute of Technology-Thandavapura, Mysuru",GM,,,,,,,,,,,
E084,"Nagarjuna College of Engineering And Technology-Devanahalli, Bengaluru",GM,,,,,,,,,,,
E085,"The National Institute of Engineering North Campus-Koorgalli, Mysuru",GM,,,,,,,,,,,
E086,"Nitte Meenakshi Institute of Technology-Yelahanka, Bengaluru",GM,,,,,,,,,,,
E088,"Navodaya Institute of Technology-Bijangera, Raichur",GM,,,,,,,,,,,
E089,"P.E.S.College of Engineering-PES College Road, Mandya",GM,,,,,,,,,,,
E090,"PES Institute of Technology and Management-Kotegangoor Cost, Shivamogga",GM,,,,,,,,,,,
E095,"R V College of Engineering-Mysore Road, Bengaluru",GM,1679,,,,,11904,,,,,
E097,"R.R. Institute of Technology-Chikkabanavara, Bengaluru",GM,,,,,,,,,,,
E099,"Raja Rajeswari College of Engineering-Kumbalgodu, Bengaluru",GM,,,,,,,,,,,
E101,"Rajiv Gandhi Institute of Technology-R T Nagar Post, Bengaluru",GM,,,,,,,,,,,
E104,"RNS Institute of Technology-R R Nagar Post, Bengaluru",GM,,,,,,,,,,,
E105,"Bheemanna Khandre Institute of Technology-Bhalki, Bidar",GM,,,,,,,,,,,
E107,"SJB Institute of Technology-Kengeri, Bengaluru",GM,,,,,,,,,,,
E108,"S J C Institute of Technology-BB Road, Chikkaballapur",GM,,,,,,,,,,,
E109,"S.E.A. College of Engineering and Technology-K R Puram, Bengaluru",GM,,,,,,,,,,,
E110,"SSETs S.G. Balekundri Institute of Technology-Shivabasva Nagar, Belagavi",GM,,,,,,,,,,,
E112,"Sahyadri College of Engineering and Management-Adyar, Mangaluru",GM,,,,,,,,,,,
E113,"Sai Vidya Institute of Technology-Rajan Kunte, Bengaluru",GM,,,,,,,,,,,
E114,"Sambhram Institute of Technology-Jalahalli East, Bengaluru",GM,,,,,,,,,,,
E116,"Sapthagiri NPS University-Hesarghatta Main Road, Bengaluru",GM,,,,,,,,,,,
E117,"SDM College of Engineering and Technology, Tulu Minority-Kalaghatagi, Dharwad",GM,,,,,,,,,,,
E118,"SDM Institute of Technology, Tulu Minority-Ujjire, Dakshina Kannada",GM,,,,,,,,,,,
E121,"Sri Sairam College of Engineering-Anekal, Bengaluru",GM,,,,,,,,,,,
E123,"Shri Madhwa Vadiraja Institute of Technology and Management-Bantakal, Udupi",GM,,,,,,,,,,,
E124,"Shridevi Institute of Engineering and Technology-Sira Road, Tumakuru",GM,,,,,,,,,,,
E125,"Siddaganga Institute of Technology-B H Road, Tumakuru",GM,19876,,,,,,,,,,
E126,"Sir M.Visvesvaraya Institute of Technology-Yelahanka, Bengaluru",GM,31039,,14293,,,,,,,,
E128,"Smt. Kamala and Sri Venkappa M. Agadi College of Engineering and TechnologyLaxmeswar  Gadag",GM,,,,,,,,,,,
E137,"Sri Venkateshwara College of Engineering-KIAL Road, Bengaluru",GM,,,,,,,,,,,
E138,"Srinivas Institute of Technology-Hampankatta, Mangaluru",GM,,,,,,,,,,,
E141,"T. John Institute of Technology-Bannerghatta Road, Bengaluru",GM,,,,,,,,,,,
E142,"The National Institute of Engineering South Campus-Mananthavady Road, Mysuru",GM,,,,,,,,,,,
E145,"Vemana Institute of Technology-Koramangala, Bengaluru",GM,,,,,,,,,,,
E146,"Vidya Vikas Institute of Engineering and Technology-Alnahally, Mysuru",GM,,,,,,,,,,,
E147,"Vidyavardhaka College of Engineering-Gokulam, Mysuru",GM,,,,,,,,,,,
E148,"Vivekananda College of Engineering and Technology-Puttur, Dakshin Kannada",GM,,,,,,,,,,,
E149,"Vivekananda Institute of Technology-Kengeri, Bengaluru",GM,,,,,,,,,,,
E152,"ATME College of Engineering-Bannur Road, Mysuru",GM,,,,,,,,,,,
E156,"Jyothy Institute of Technology-Tathguni, Bengaluru",GM,,,,,,,,,,,
E161,"Cambridge Institute of Technology North Campus-Kundana, Bengaluru",GM,,,,,,,,,,,
E164,"Reva University-Yelahanka, Bengaluru",GM,,,,,,,,,,,
E165,"Alliance College of Engineering and Design. Alliance University-Anekal, Bengaluru",GM,,44968,,41613,,,42653,,,,
E171,"GITAM Deemed to be University-Dodaballapur taluk, Bengaluru",GM,,,,,,,,,,,
E172,"Mysore College of Engineering and Management-Chikkahalli, Mysuru",GM,,,,,,,,,,,
E173,"Presidency University-Yelahanka, Bengaluru",GM,,,,,,,,,,,
E183,"Jain Institute of Technology-Avaragere Village, Davangere",GM,,,,,,,,,,,
E186,"Nitte School of Architecture Planning and Design-Yelahanka, Bengaluru",GM,,,,,,,,,,,
E187,"CMR University-Bagalur-Chagalatti, Bengaluru",GM,,,,,,,36829,,,,
E194,"Jain College of Engineering and Technology-Unkal, Hubballi",GM,,,,,,,,,,,
E197,"M.S. Ramaiah University of Applied Sciences-MSR Nagar, Bengaluru",GM,,,,,,,,,,,
E198,"R V Institute of Technology and Management-J P Nagar, Bengaluru",GM,,,,,,,,,,,
E203,"Amruta Institute of Engineering and Management Science-Bidadi, Ramnagar Taluk,Bengaluru Rural",GM,,,,,,,,,,,
E205,"Vijaya Vittala Institution of Technology-Kothanur, Bengaluru",GM,,,,,,,,,,,
E206,"Cauvery Institute Of Technology-Sundahalli, Mandya",GM,,,,,,,,,,,
E207,"BGS College of Engineering and Technology-Mahalaxmipuram, Bengaluru",GM,,,,,,,,,,,
E209,"Aditya College of Engineering and Technology-Yelahanka, Bengaluru",GM,,,,,,,,,,,
E211,"East West College of Engineering-Yelahanka, Bengaluru",GM,,,,,,,,,,,
E212,"Seshadripuram Institute of Technology - Jaipura Hobli, Mysuru",GM,,,,,,,,,,,
College Code,College Name,Seat Type,IS-Information Science & Engineering,IST-Information Science & Technology,MAE- MECHANICAL & AEROSPACE ENGINEERING,MD-Medical Electronics Engineering,,ME-Mechanical Engineering,MR-Marine Engineering,,"MT-Mechatronics Engineering",,
E001,"Acharya Institute of Technology-Soladevanahalli, Bengaluru",GM,39378,,,,,98399,,,75826,,
E003,"A.C.S. College of Engineering-Kambipura Mysore Road, Bengaluru",GM,,,,,,,,,,,
E004,"Adichunchanagiri Institute Of Technology-Jyothi Nagara, Chikkamagaluru",GM,,,,,,,,,,,
E005,"Akash Institute of Engineering and Technology-Devanahalli, Bengaluru Rural",GM,75477,,,,,,,,,,
E006,"Alvas Institute of Engineering and Technology-Moodbidri, Mangaluru",GM,,,,,,,,,,,
E007,"AMC Engineering College-Bannerghatta Rd, Bengaluru",GM,101446,,,,,82125,,,,,
E009,"Angadi Institute of Technology and Management-Savagaon Road, Belagavi",GM,,,,,,,,,,,
E011,"APS College of Engineering-Kanakapura Road, Bengaluru",GM,,,,,,,,,,,
E012,"Atria Institute of Technology-Hebbal, Bengaluru",GM,100258,,,,,,,,,,
E013,"Akshaya Institute of Technology-Koratagere Road, Tumakuru",GM,,,,,,,,,,,
E014,"Bharatesh Institute of Technology-Shindhollicross, Belagavi",GM,,,,,,,,,,,
E015,"B.N.M. Institute of Technology-Banashankari, Bengaluru",GM,18688,,,,,99998,,,,,
E016,"KLE Technological University Formerly known as BVBCET-Vidyanagar, Hubballi",GM,,,,,,101378,,,,,
E017,"Ballari Institute of Technology And Management-Near Allipura, Ballari",GM,,,,,,,,,,,
E018,"Bangalore College of Engineering and Technology-Chandapura, Bengaluru",GM,60128,,,,,,,,,,
E019,"Bangalore Institute of Technology-V V Puram, Bengaluru",GM,9973,,,,,59834,,,,,
E020,"Bangalore Technological Institute-Chikkanayakanahalli Dinne, Bengaluru",GM,,,,,,,,,,,
E021,"Bapuji Institute of Engineering and Technology-Shamanur Road, Davangere",GM,101492,,,,,,,,,,
E024,"Basaveshwar Engineering College-Vidya Nagar, Bagalkote",GM,97717,,,,,,,,,,
E026,"BLDEAs V.P. Dr.P.G.Halakatti College of Engineering and Technology-Ashram Road,Vijayapura",GM,,,,,,,,,,,
E027,"BMS College of Engineering-Basavanagudi, Bengaluru",GM,,,,,,11385,,,,,
E028,"BMS Institute of Technology and Management-Yelahanka, Bengaluru",GM,,,,,,34562,,,,,
E030,"Brindavan College of Engineering-Yelahanka, Bengaluru",GM,,,,,,,,,,,
E032,"C.M.R. Institute of Technology-Brookefield, Bengaluru",GM,19518,,,,,,,,,,
E033,"Cambridge Institute of Technology-K R Puram, Bengaluru",GM,52993,,,,,68367,,,,,
E035,"Channabasaveshwara Institute of Technology- Gubbi, Tumakuru",GM,,,,,,,,,,,
E037,"City Engineering College-Doddakalasandra, Bengaluru",GM,,,,,,,,,,,
E038,"Coorg Institute of Technology-Ponnampet, South Kodagu",GM,,,,,,,,,,,
E039,"Dayananda Sagar Academy of Technology and Management-Kanakpura Road,Bengaluru",GM,27596,,,,,,,,,,
E040,"Dayananda Sagar College of Engineering-Kumaraswamy Layout, Bengaluru",GM,4901,,,42085,,34153,,,,,
E041,"DON BOSCO Institute of Technology-Kumbalgodu, Bengaluru",GM,64523,,,,,,,,,,
E042,"Dr. Ambedkar Institute of Technology-Malathahalli, Bengaluru",GM,28388,,,,,,,,,,
E045,"Dr H N National College Of Engineering-Jayanagar, Bengaluru",GM,,,,,,,,,,,
E046,"East Point College of Engineering and Technology-Avalahalli, Bengaluru",GM,63046,,,,,,,,,,
E048,"East West Institute of Technology-BEL Layout, Bengaluru",GM,,,,,,,,,,,
E049,"Garden City University-Old Madras Road, Bengaluru",GM,,,,,,,,,,,
E050,"Global Academy of Technology-Rajarajeshwari Nagar, Bengaluru",GM,74443,,,,,,,,,,
E051,"GM Institute of Technology-P B Road, Davangere",GM,,,,,,,,,,,
E053,"Gopalan College of Engineering And Management-Whitefield, Bengaluru",GM,,,,,,,,,,,
E055,"GSSS Institute of Engineering and Technology for Women-Metagalli, Mysuru",GM,49980,,,,,,,,,,
E058,"Sri Jayachamarajendra College of Engineering constituent college of JSS Scienceand Technology University-Manasagangothri  Mysuru",GM,,,,,,,,,,,
E059,"Jawaharlal Nehru New College of Engineering JNNCE-Swalanga Road, Shivamogga",GM,96532,,,,,,,,,,
E060,"JSS Academy of Technical Education-Kengeri Main Road, Bengaluru",GM,24855,,,,,64561,,,,,
E061,JSS Science and Technology University-Mysuru,GM,,,,,,48452,,,,,
E062,"Jain College of Engineering-T.S Nagar, Belagavi",GM,,,,,,,,,,,
E064,"Jain College of Engineering and Research-Udyambag, Belagavi",GM,,,,,,,,,,,
E065,"KLE Technological University Formerly called as KLE Dr. M.S. Sheshgiri College ofEngineering and Technology-Udyambag  Belagavi",GM,,,,,,80900,,,,,
E066,"KLE College of Engineering and Technology-Chikodi Dist., Belagavi",GM,,,,,,,,,,,
E067,"K.S School of Engineering And Management-Off Kanakapura Road, Bengaluru",GM,,,,,,,,,,,
E068,"K.S. Institute of Technology-Kanakapura Main Road, Bengaluru",GM,,,,,,,,,,,
E071,"Karavali Institute of Technology-Kottara, Mangaluru",GM,,,,,,,,,,,
E072,"K L E Institute of Technology-Gokul, Hubbali",GM,,,,,,,,,,,
E073,"KLS Gogte Institute of Technology-Udyambag, Belagavi",GM,54143,,,,,92599,,,,,
E074,"KLS Vishwanathrao Deshpande Institute of Technology-Dandeli Road, Haliyal",GM,,,,,,,,,,,
E075,"KNS Institute of Technology-Yelahanka, Bengaluru",GM,,,,,,,,,,,
E076,"M.S. Engineering College-Sadahalli, Bengaluru",GM,,,,,,,,,,,
E077,"M.S. Ramaiah Institute of Technology-MSR Nagar, Bengaluru",GM,2590,,,29118,,13807,,,,,
E078,"Maharaja Institute of Technology-Belawadi, Mandya",GM,98310,,,,,,,,,,
E079,"Malnad College of Engineering-Rangoli Halla, Hassan",GM,74208,,,,,,,,,,
E080,"Mangalore Institute of Technology and Engineering-Moodbidri, Mangaluru",GM,51461,,,,,,,,,,
E082,"Maharaja Institute of Technology-Thandavapura, Mysuru",GM,,,,,,,,,,,
E084,"Nagarjuna College of Engineering And Technology-Devanahalli, Bengaluru",GM,,,,,,,,,,,
E085,"The National Institute of Engineering North Campus-Koorgalli, Mysuru",GM,9710,,,,,,,,,,
E086,"Nitte Meenakshi Institute of Technology-Yelahanka, Bengaluru",GM,12555,,,,,45269,,,,,
E088,"Navodaya Institute of Technology-Bijangera, Raichur",GM,,,,,,,,,,,
E089,"P.E.S.College of Engineering-PES College Road, Mandya",GM,33811,,,,,,,,,,
E090,"PES Institute of Technology and Management-Kotegangoor Cost, Shivamogga",GM,,102243,,,,54124,,,,,
E095,"R V College of Engineering-Mysore Road, Bengaluru",GM,601,,,,,6271,,,,,
E097,"R.R. Institute of Technology-Chikkabanavara, Bengaluru",GM,31895,,,,,,,,,,
E099,"Raja Rajeswari College of Engineering-Kumbalgodu, Bengaluru",GM,76938,,,,,,,,,,
E101,"Rajiv Gandhi Institute of Technology-R T Nagar Post, Bengaluru",GM,,,,,,,,,,,
E104,"RNS Institute of Technology-R R Nagar Post, Bengaluru",GM,,,,,,93917,,,,,
E105,"Bheemanna Khandre Institute of Technology-Bhalki, Bidar",GM,,,,,,,,,,,
E107,"SJB Institute of Technology-Kengeri, Bengaluru",GM,45051,,,,,98369,,,,,
E108,"S J C Institute of Technology-BB Road, Chikkaballapur",GM,,,,,,,,,,,
E109,"S.E.A. College of Engineering and Technology-K R Puram, Bengaluru",GM,,,,,,,,,,,
E110,"SSETs S.G. Balekundri Institute of Technology-Shivabasva Nagar, Belagavi",GM,,,,,,,,,,,
E112,"Sahyadri College of Engineering and Management-Adyar, Mangaluru",GM,,,,,,,,,,,
E113,"Sai Vidya Institute of Technology-Rajan Kunte, Bengaluru",GM,92767,,,,,,,,,,
E114,"Sambhram Institute of Technology-Jalahalli East, Bengaluru",GM,,,,,,,,,,,
E116,"Sapthagiri NPS University-Hesarghatta Main Road, Bengaluru",GM,,,,,,,,,,,
E117,"SDM College of Engineering and Technology, Tulu Minority-Kalaghatagi, Dharwad",GM,42929,,,,,95570,,,,,
E118,"SDM Institute of Technology, Tulu Minority-Ujjire, Dakshina Kannada",GM,83620,,,,,,,,,,
E121,"Sri Sairam College of Engineering-Anekal, Bengaluru",GM,,,,,,,,,,,
E123,"Shri Madhwa Vadiraja Institute of Technology and Management-Bantakal, Udupi",GM,,,,,,,,,,,
E124,"Shridevi Institute of Engineering and Technology-Sira Road, Tumakuru",GM,,,,,,,,,,,
E125,"Siddaganga Institute of Technology-B H Road, Tumakuru",GM,11687,,,,,,,,,,
E126,"Sir M.Visvesvaraya Institute of Technology-Yelahanka, Bengaluru",GM,15010,,,,,67785,,,,,
E128,"Smt. Kamala and Sri Venkappa M. Agadi College of Engineering and TechnologyLaxmeswar  Gadag",GM,,,,,,,,,,,
E137,"Sri Venkateshwara College of Engineering-KIAL Road, Bengaluru",GM,67279,,,,,,,,,,
E138,"Srinivas Institute of Technology-Hampankatta, Mangaluru",GM,,,,,,,60260,,,,
E141,"T. John Institute of Technology-Bannerghatta Road, Bengaluru",GM,,,,,,,,,,,
E142,"The National Institute of Engineering South Campus-Mananthavady Road, Mysuru",GM,,,,,,44617,,,,,
E145,"Vemana Institute of Technology-Koramangala, Bengaluru",GM,,,,,,91553,,,,,
E146,"Vidya Vikas Institute of Engineering and Technology-Alnahally, Mysuru",GM,,,,,,,,,,,
E147,"Vidyavardhaka College of Engineering-Gokulam, Mysuru",GM,66071,,,,,97489,,,,,
E148,"Vivekananda College of Engineering and Technology-Puttur, Dakshin Kannada",GM,,,,,,,,,,,
E149,"Vivekananda Institute of Technology-Kengeri, Bengaluru",GM,,,,,,,,,,,
E152,"ATME College of Engineering-Bannur Road, Mysuru",GM,,,,,,,,,,,
E156,"Jyothy Institute of Technology-Tathguni, Bengaluru",GM,93842,,,,,,,,,,
E161,"Cambridge Institute of Technology North Campus-Kundana, Bengaluru",GM,,,,,,,,,,,
E164,"Reva University-Yelahanka, Bengaluru",GM,,,,,,77414,,,51876,,
E165,"Alliance College of Engineering and Design. Alliance University-Anekal, Bengaluru",GM,,,,,,83936,,,,,
E171,"GITAM Deemed to be University-Dodaballapur taluk, Bengaluru",GM,,,,,,14207,,,,,
E172,"Mysore College of Engineering and Management-Chikkahalli, Mysuru",GM,,,,,,,,,,,
E173,"Presidency University-Yelahanka, Bengaluru",GM,,,,,,82748,,,,,
E183,"Jain Institute of Technology-Avaragere Village, Davangere",GM,82356,,,,,,,,,,
E186,"Nitte School of Architecture Planning and Design-Yelahanka, Bengaluru",GM,,,,,,,,,,,
E187,"CMR University-Bagalur-Chagalatti, Bengaluru",GM,,,,,,,,,,,
E194,"Jain College of Engineering and Technology-Unkal, Hubballi",GM,,,,,,,,,,,
E197,"M.S. Ramaiah University of Applied Sciences-MSR Nagar, Bengaluru",GM,,,,,,,,,,,
E198,"R V Institute of Technology and Management-J P Nagar, Bengaluru",GM,10564,,,,,,,,,,
E203,"Amruta Institute of Engineering and Management Science-Bidadi, Ramnagar Taluk,Bengaluru Rural",GM,,,,,,,,,,,
E205,"Vijaya Vittala Institution of Technology-Kothanur, Bengaluru",GM,,,,,,,,,,,
E206,"Cauvery Institute Of Technology-Sundahalli, Mandya",GM,,,,,,,,,,,
E207,"BGS College of Engineering and Technology-Mahalaxmipuram, Bengaluru",GM,99748,,,,,,,,,,
E209,"Aditya College of Engineering and Technology-Yelahanka, Bengaluru",GM,,,,,,,,,,,
E211,"East West College of Engineering-Yelahanka, Bengaluru",GM,,,,,,,,,,,
E212,"Seshadripuram Institute of Technology - Jaipura Hobli, Mysuru",GM,59194,,,,,,,,,,
College Code,College Name,Seat Type,PTE-Petroleum Engineering,RA-Robotics & Automation,RI-Robotics & Artificial Intelligence,TX-Textile Technology,,UE-Electronics & Computer Engineering,VL-Electronics Engineering (VLSI Design & Technology),,VLS-VLSI,,
E001,"Acharya Institute of Technology-Soladevanahalli, Bengaluru",GM,,,,,,,,,,,
E003,"A.C.S. College of Engineering-Kambipura Mysore Road, Bengaluru",GM,,,,,,,,,,,
E004,"Adichunchanagiri Institute Of Technology-Jyothi Nagara, Chikkamagaluru",GM,,,,,,,,,,,
E005,"Akash Institute of Engineering and Technology-Devanahalli, Bengaluru Rural",GM,,,,,,,,,,,
E006,"Alvas Institute of Engineering and Technology-Moodbidri, Mangaluru",GM,,,,,,,,,,,
E007,"AMC Engineering College-Bannerghatta Rd, Bengaluru",GM,,,,,,,,,,,
E009,"Angadi Institute of Technology and Management-Savagaon Road, Belagavi",GM,,,,,,,,,,,
E011,"APS College of Engineering-Kanakapura Road, Bengaluru",GM,,,,,,,,,,,
E012,"Atria Institute of Technology-Hebbal, Bengaluru",GM,,,,,,,,,,,
E013,"Akshaya Institute of Technology-Koratagere Road, Tumakuru",GM,,,,,,,,,,,
E014,"Bharatesh Institute of Technology-Shindhollicross, Belagavi",GM,,,,,,,,,,,
E015,"B.N.M. Institute of Technology-Banashankari, Bengaluru",GM,,,,,,,,,,,
E016,"KLE Technological University Formerly known as BVBCET-Vidyanagar, Hubballi",GM,,,,,,,56257,,,,
E017,"Ballari Institute of Technology And Management-Near Allipura, Ballari",GM,,,,,,,,,,,
E018,"Bangalore College of Engineering and Technology-Chandapura, Bengaluru",GM,,,,,,,,,,,
E019,"Bangalore Institute of Technology-V V Puram, Bengaluru",GM,,,11000,,,,18859,,,,
E020,"Bangalore Technological Institute-Chikkanayakanahalli Dinne, Bengaluru",GM,,,63780,,,,,,,,
E021,"Bapuji Institute of Engineering and Technology-Shamanur Road, Davangere",GM,,,,,,,,,,,
E024,"Basaveshwar Engineering College-Vidya Nagar, Bagalkote",GM,,,,,,,,,,,
E026,"BLDEAs V.P. Dr.P.G.Halakatti College of Engineering and Technology-Ashram Road,Vijayapura",GM,,,,,,,,,,,
E027,"BMS College of Engineering-Basavanagudi, Bengaluru",GM,,,,,,,,,,,
E028,"BMS Institute of Technology and Management-Yelahanka, Bengaluru",GM,,,,,,,,,,,
E030,"Brindavan College of Engineering-Yelahanka, Bengaluru",GM,,,,,,,,,,,
E032,"C.M.R. Institute of Technology-Brookefield, Bengaluru",GM,,,,,,,,,,,
E033,"Cambridge Institute of Technology-K R Puram, Bengaluru",GM,,,,,,,,,,,
E035,"Channabasaveshwara Institute of Technology- Gubbi, Tumakuru",GM,,,,,,,,,,,
E037,"City Engineering College-Doddakalasandra, Bengaluru",GM,,,,,,,,,,,
E038,"Coorg Institute of Technology-Ponnampet, South Kodagu",GM,,,,,,,,,,,
E039,"Dayananda Sagar Academy of Technology and Management-Kanakpura Road,Bengaluru",GM,,,,,,,,,,,
E040,"Dayananda Sagar College of Engineering-Kumaraswamy Layout, Bengaluru",GM,,,6060,,,,,,,,
E041,"DON BOSCO Institute of Technology-Kumbalgodu, Bengaluru",GM,,,,,,,,,,,
E042,"Dr. Ambedkar Institute of Technology-Malathahalli, Bengaluru",GM,,,,,,,,,,,
E045,"Dr H N National College Of Engineering-Jayanagar, Bengaluru",GM,,,,,,,,,,,
E046,"East Point College of Engineering and Technology-Avalahalli, Bengaluru",GM,,,,,,,,,,,
E048,"East West Institute of Technology-BEL Layout, Bengaluru",GM,,,,,,,,,,,
E049,"Garden City University-Old Madras Road, Bengaluru",GM,,,,,,,,,,,
E050,"Global Academy of Technology-Rajarajeshwari Nagar, Bengaluru",GM,,,,,,,,,,,
E051,"GM Institute of Technology-P B Road, Davangere",GM,,,,,,,,,,,
E053,"Gopalan College of Engineering And Management-Whitefield, Bengaluru",GM,,,,,,,,,,,
E055,"GSSS Institute of Engineering and Technology for Women-Metagalli, Mysuru",GM,,,,,,,,,,,
E058,"Sri Jayachamarajendra College of Engineering constituent college of JSS Scienceand Technology University-Manasagangothri  Mysuru",GM,,,,,,,,,,,
E059,"Jawaharlal Nehru New College of Engineering JNNCE-Swalanga Road, Shivamogga",GM,,,94431,,,,,,,,
E060,"JSS Academy of Technical Education-Kengeri Main Road, Bengaluru",GM,,,,,,,,,,,
E061,JSS Science and Technology University-Mysuru,GM,,,,,,,,,,,
E062,"Jain College of Engineering-T.S Nagar, Belagavi",GM,,,,,,,,,,,
E064,"Jain College of Engineering and Research-Udyambag, Belagavi",GM,,,,,,,,,,,
E065,"KLE Technological University Formerly called as KLE Dr. M.S. Sheshgiri College ofEngineering and Technology-Udyambag  Belagavi",GM,,,,,,,,,,,
E066,"KLE College of Engineering and Technology-Chikodi Dist., Belagavi",GM,,,,,,,,,,,
E067,"K.S School of Engineering And Management-Off Kanakapura Road, Bengaluru",GM,,,,,,,,,,,
E068,"K.S. Institute of Technology-Kanakapura Main Road, Bengaluru",GM,,,,,,,,,,,
E071,"Karavali Institute of Technology-Kottara, Mangaluru",GM,,,,,,,,,,,
E072,"K L E Institute of Technology-Gokul, Hubbali",GM,,,,,,,,,,,
E073,"KLS Gogte Institute of Technology-Udyambag, Belagavi",GM,,,,,,,,,,,
E074,"KLS Vishwanathrao Deshpande Institute of Technology-Dandeli Road, Haliyal",GM,,,,,,,,,,,
E075,"KNS Institute of Technology-Yelahanka, Bengaluru",GM,,,,,,,,,,,
E076,"M.S. Engineering College-Sadahalli, Bengaluru",GM,,,,,,,,,,,
E077,"M.S. Ramaiah Institute of Technology-MSR Nagar, Bengaluru",GM,,,,,,,,,,,
E078,"Maharaja Institute of Technology-Belawadi, Mandya",GM,,,,,,,,,,,
E079,"Malnad College of Engineering-Rangoli Halla, Hassan",GM,,,,,,,,,,,
E080,"Mangalore Institute of Technology and Engineering-Moodbidri, Mangaluru",GM,,,,,,,,,,,
E082,"Maharaja Institute of Technology-Thandavapura, Mysuru",GM,,,,,,,,,,,
E084,"Nagarjuna College of Engineering And Technology-Devanahalli, Bengaluru",GM,,,,,,,,,,,
E085,"The National Institute of Engineering North Campus-Koorgalli, Mysuru",GM,,,,,,,,,,,
E086,"Nitte Meenakshi Institute of Technology-Yelahanka, Bengaluru",GM,,,,,,,21950,,,,
E088,"Navodaya Institute of Technology-Bijangera, Raichur",GM,,,,,,,,,,,
E089,"P.E.S.College of Engineering-PES College Road, Mandya",GM,,,,,,,,,,,
E090,"PES Institute of Technology and Management-Kotegangoor Cost, Shivamogga",GM,,,,,,,,,,,
E095,"R V College of Engineering-Mysore Road, Bengaluru",GM,,,,,,,,,,,
E097,"R.R. Institute of Technology-Chikkabanavara, Bengaluru",GM,,,,,,,,,,,
E099,"Raja Rajeswari College of Engineering-Kumbalgodu, Bengaluru",GM,,,,,,,,,,,
E101,"Rajiv Gandhi Institute of Technology-R T Nagar Post, Bengaluru",GM,,,,,,,,,,,
E104,"RNS Institute of Technology-R R Nagar Post, Bengaluru",GM,,,,,,,,,,,
E105,"Bheemanna Khandre Institute of Technology-Bhalki, Bidar",GM,,,,,,,,,,,
E107,"SJB Institute of Technology-Kengeri, Bengaluru",GM,,,,,,,,,,,
E108,"S J C Institute of Technology-BB Road, Chikkaballapur",GM,,,,,,,,,,,
E109,"S.E.A. College of Engineering and Technology-K R Puram, Bengaluru",GM,,,,,,,,,,,
E110,"SSETs S.G. Balekundri Institute of Technology-Shivabasva Nagar, Belagavi",GM,,,,,,,,,,,
E112,"Sahyadri College of Engineering and Management-Adyar, Mangaluru",GM,,,,,,,,,,,
E113,"Sai Vidya Institute of Technology-Rajan Kunte, Bengaluru",GM,,,,,,,,,,,
E114,"Sambhram Institute of Technology-Jalahalli East, Bengaluru",GM,,,,,,,,,,,
E116,"Sapthagiri NPS University-Hesarghatta Main Road, Bengaluru",GM,,,,,,,,,,,
E117,"SDM College of Engineering and Technology, Tulu Minority-Kalaghatagi, Dharwad",GM,,,,,,,,,,,
E118,"SDM Institute of Technology, Tulu Minority-Ujjire, Dakshina Kannada",GM,,,,,,,,,,,
E121,"Sri Sairam College of Engineering-Anekal, Bengaluru",GM,,,,,,,,,,,
E123,"Shri Madhwa Vadiraja Institute of Technology and Management-Bantakal, Udupi",GM,,,,,,,,,,,
E124,"Shridevi Institute of Engineering and Technology-Sira Road, Tumakuru",GM,,,,,,,,,,,
E125,"Siddaganga Institute of Technology-B H Road, Tumakuru",GM,,,,,,,,,,,
E126,"Sir M.Visvesvaraya Institute of Technology-Yelahanka, Bengaluru",GM,,,18662,,,22052,,,,,
E128,"Smt. Kamala and Sri Venkappa M. Agadi College of Engineering and TechnologyLaxmeswar  Gadag",GM,,,,,,,,,,,
E137,"Sri Venkateshwara College of Engineering-KIAL Road, Bengaluru",GM,,,,,,,,,,,
E138,"Srinivas Institute of Technology-Hampankatta, Mangaluru",GM,,,,,,,,,,,
E141,"T. John Institute of Technology-Bannerghatta Road, Bengaluru",GM,,,,,,,,,,,
E142,"The National Institute of Engineering South Campus-Mananthavady Road, Mysuru",GM,,,,,,,,,,,
E145,"Vemana Institute of Technology-Koramangala, Bengaluru",GM,,,,,,,,,,,
E146,"Vidya Vikas Institute of Engineering and Technology-Alnahally, Mysuru",GM,,,,,,,,,,,
E147,"Vidyavardhaka College of Engineering-Gokulam, Mysuru",GM,,,,,,,,,,,
E148,"Vivekananda College of Engineering and Technology-Puttur, Dakshin Kannada",GM,,,,,,,,,,,
E149,"Vivekananda Institute of Technology-Kengeri, Bengaluru",GM,,,,,,,,,,,
E152,"ATME College of Engineering-Bannur Road, Mysuru",GM,,,,,,,,,,,
E156,"Jyothy Institute of Technology-Tathguni, Bengaluru",GM,,,,,,,,,,,
E161,"Cambridge Institute of Technology North Campus-Kundana, Bengaluru",GM,,,,,,,,,,,
E164,"Reva University-Yelahanka, Bengaluru",GM,,,,,,,,,,,
E165,"Alliance College of Engineering and Design. Alliance University-Anekal, Bengaluru",GM,,,,,,,,,,,
E171,"GITAM Deemed to be University-Dodaballapur taluk, Bengaluru",GM,,,41820,,,,88888,,,,
E172,"Mysore College of Engineering and Management-Chikkahalli, Mysuru",GM,,,,,,,,,,,
E173,"Presidency University-Yelahanka, Bengaluru",GM,,,,,,,,,101484,,
E183,"Jain Institute of Technology-Avaragere Village, Davangere",GM,,,,,,,,,,,
E186,"Nitte School of Architecture Planning and Design-Yelahanka, Bengaluru",GM,,,,,,,,,,,
E187,"CMR University-Bagalur-Chagalatti, Bengaluru",GM,,,,,,,,,,,
E194,"Jain College of Engineering and Technology-Unkal, Hubballi",GM,,,,,,,,,,,
E197,"M.S. Ramaiah University of Applied Sciences-MSR Nagar, Bengaluru",GM,,,,,,,,,,,
E198,"R V Institute of Technology and Management-J P Nagar, Bengaluru",GM,,,,,,,,,,,
E203,"Amruta Institute of Engineering and Management Science-Bidadi, Ramnagar Taluk,`Bengaluru Rural",GM,,,,,,,,,,,
E205,"Vijaya Vittala Institution of Technology-Kothanur, Bengaluru",GM,,,,,,,,,,,
E206,"Cauvery Institute Of Technology-Sundahalli, Mandya",GM,,,,,,,,,,,
E207,"BGS College of Engineering and Technology-Mahalaxmipuram, Bengaluru",GM,,,,,,,,,,,
E209,"Aditya College of Engineering and Technology-Yelahanka, Bengaluru",GM,,,,,,,,,,,
E211,"East West College of Engineering-Yelahanka, Bengaluru",GM,,,,,,,,,,,
E212,"Seshadripuram Institute of Technology - Jaipura Hobli, Mysuru",GM,,,,,,,,,,,