College Code,College Name,Seat Category,AD-Artificial Intelligence & Data Science,"AE-Aeronautical Engineering","AG-Agricultural Engineering",AI-Artificial Intelligence & Machine Learning,,"AL-Agriculture Engineering Course","AR-Automation & Robotics Engineering","AS-Aerospace Engineering"
E001,"Acharya Institute of Technology-Soladevanahalli, Bengaluru",GM,,32990,,28132,,,,
E001,"Acharya Institute of Technology-Soladevanahalli, Bengaluru",KKR,,97600,,59237,,,,
E003,"A.C.S. College of Engineering-Kambipura Mysore Road, Bengaluru",GM,,77093,,53225,,,,48348
E003,"A.C.S. College of Engineering-Kambipura Mysore Road, Bengaluru",KKR,,,,109748,,,,77596
E004,"Adichunchanagiri Institute Of Technology-Jyothi Nagara, Chikkamagaluru",GM,,,,84307,,,,
E004,"Adichunchanagiri Institute Of Technology-Jyothi Nagara, Chikkamagaluru",KKR,,,,,,,,
E005,"Akash Institute of Engineering and Technology-Devanahalli, Bengaluru Rural",GM,108689,,,,,,,
E005,"Akash Institute of Engineering and Technology-Devanahalli, Bengaluru Rural",KKR,,,,,,,,
E006,"Alvas Institute of Engineering and Technology-Moodbidri, Mangaluru",GM,,,109807,109512,,,,
E006,"Alvas Institute of Engineering and Technology-Moodbidri, Mangaluru",KKR,,,,,,,,
E007,"AMC Engineering College-Bannerghatta Rd, Bengaluru",GM,,65679,,61086,,,,
E007,"AMC Engineering College-Bannerghatta Rd, Bengaluru",KKR,,101846,,109296,,,,
E009,"Angadi Institute of Technology and Management-Savagaon Road, Belagavi",GM,95863,,,,,,,
E009,"Angadi Institute of Technology and Management-Savagaon Road, Belagavi",KKR,,,,,,,,
E011,"APS College of Engineering-Kanakapura Road, Bengaluru",GM,,,,,,,,
E011,"APS College of Engineering-Kanakapura Road, Bengaluru",KKR,,,,,,,,
E012,"Atria Institute of Technology-Hebbal, Bengaluru",GM,,,,49068,,,,
E012,"Atria Institute of Technology-Hebbal, Bengaluru",KKR,,,,106136,,,,
E013,"Akshaya Institute of Technology-Koratagere Road, Tumakuru",GM,104749,,,,,,,
E013,"Akshaya Institute of Technology-Koratagere Road, Tumakuru",KKR,,,,,,,,
E014,"Anuvartik Mirji Bharatesh Institute of Technology-Shindhollicross, Belagavi",GM,,,,108895,,,,
E014,"Anuvartik Mirji Bharatesh Institute of Technology-Shindhollicross, Belagavi",KKR,,,,,,,,
E015,"B.N.M. Institute of Technology-Banashankari, Bengaluru",GM,,,,17237,,,,
E015,"B.N.M. Institute of Technology-Banashankari, Bengaluru",KKR,,,,49553,,,,
E016,"KLE Technological University Formerly known as BVBCET-Vidyanagar, Hubballi",GM,,,,,,,33236,
E016,"KLE Technological University Formerly known as BVBCET-Vidyanagar, Hubballi",KKR,,,,,,,58669,
E017,"Ballari Institute of Technology And Management-Near Allipura, Ballari",GM,,,,105216,,,,
E017,"Ballari Institute of Technology And Management-Near Allipura, Ballari",KKR,,,,,,,,
E019,"Bangalore Institute of Technology-V V Puram, Bengaluru",GM,,,,7577,,,,
E019,"Bangalore Institute of Technology-V V Puram, Bengaluru",KKR,,,,28069,,,,
E020,"Bangalore Technological Institute-Chikkanayakanahalli Dinne, Bengaluru",GM,,,,69053,,,,
E020,"Bangalore Technological Institute-Chikkanayakanahalli Dinne, Bengaluru",KKR,,,,110166,,,,
E021,"Bapuji Institute of Engineering and Technology-Shamanur Road, Davangere",GM,,,,89509,,,,
E021,"Bapuji Institute of Engineering and Technology-Shamanur Road, Davangere",KKR,,,,104525,,,,
E023,"Basavakalyan Engineering College-NH9 Basavakalyan, Bidar",GM,,,,,,,,
E023,"Basavakalyan Engineering College-NH9 Basavakalyan, Bidar",KKR,,,,,,,,
E024,"Basaveshwar Engineering College-Vidya Nagar, Bagalkote",GM,,,,71729,,,,
E024,"Basaveshwar Engineering College-Vidya Nagar, Bagalkote",KKR,,,,,,,,
E026,"BLDEAs V.P. Dr.P.G.Halakatti College of Engineering and Technology-Ashram Road,
Vijayapura",GM,,,,,,,,
E026,"BLDEAs V.P. Dr.P.G.Halakatti College of Engineering and Technology-Ashram Road,
Vijayapura",KKR,,,,,,,,
E027,"BMS College of Engineering-Basavanagudi, Bengaluru",GM,2614,,,2932,,,,
E027,"BMS College of Engineering-Basavanagudi, Bengaluru",KKR,10668,,,11824,,,,
E028,"BMS Institute of Technology and Management-Yelahanka, Bengaluru",GM,,,,11067,,,,
E028,"BMS Institute of Technology and Management-Yelahanka, Bengaluru",KKR,,,,33257,,,,
E030,"Brindavan College of Engineering-Yelahanka, Bengaluru",GM,,,,105621,,,,
E030,"Brindavan College of Engineering-Yelahanka, Bengaluru",KKR,,,,,,,,
E032,"C.M.R. Institute of Technology-Brookefield, Bengaluru",GM,16318,,,15445,,,,
E032,"C.M.R. Institute of Technology-Brookefield, Bengaluru",KKR,59571,,,54977,,,,
E033,"Cambridge Institute of Technology-K R Puram, Bengaluru",GM,,,,33011,,,,
E033,"Cambridge Institute of Technology-K R Puram, Bengaluru",KKR,,,,76271,,,,
E035,"Channabasaveshwara Institute of Technology- Gubbi, Tumakuru",GM,106098,,,,,,,
E035,"Channabasaveshwara Institute of Technology- Gubbi, Tumakuru",KKR,,,,,,,,
E036,"Chanakya University-Devanahalli, Bengaluru Rural",GM,,,,,,,,
E036,"Chanakya University-Devanahalli, Bengaluru Rural",KKR,,,,,,,,
E037,"City Engineering College-Doddakalasandra, Bengaluru",GM,,,,110482,,,,
E037,"City Engineering College-Doddakalasandra, Bengaluru",KKR,,,,,,,,
E038,"Coorg Institute of Technology-Ponnampet, South Kodagu",GM,110685,,,101886,,,,
E038,"Coorg Institute of Technology-Ponnampet, South Kodagu",KKR,,,,,,,,
E039,"Dayananda Sagar Academy of Technology and Management-Kanakpura Road, Bengaluru",GM,,,,,,,,
E039,"Dayananda Sagar Academy of Technology and Management-Kanakpura Road, Bengaluru",KKR,,,,,,,,
E040,"Dayananda Sagar College of Engineering-Kumaraswamy Layout, Bengaluru",GM,,11582,,4299,,,,
E040,"Dayananda Sagar College of Engineering-Kumaraswamy Layout, Bengaluru",KKR,,56849,,15323,,,,
E041,"DON BOSCO Institute of Technology-Kumbalgodu, Bengaluru",GM,70477,,,,,,,
E041,"DON BOSCO Institute of Technology-Kumbalgodu, Bengaluru",KKR,,,,,,,,
E042,"Dr. Ambedkar Institute of Technology-Malathahalli, Bengaluru",GM,,43902,,23862,,,,
E042,"Dr. Ambedkar Institute of Technology-Malathahalli, Bengaluru",KKR,,59439,,52860,,,,
E043,"Yenepoya Institute of Technology formerly known as Dr. M V Shetty Institute of
Technology-Moodbidri, Mangaluru",GM,,,,111559,,,,
E043,"Yenepoya Institute of Technology formerly known as Dr. M V Shetty Institute of
Technology-Moodbidri, Mangaluru",KKR,,,,,,,,
E044,"Dr.Shri Shri Shivakumara Mahaswamy College of Engineering-Nelamangala, Bengaluru
Rural",GM,,,,,,,,
E044,"Dr.Shri Shri Shivakumara Mahaswamy College of Engineering-Nelamangala, Bengaluru
Rural",KKR,,,,,,,,
E045,"Dr H N National College Of Engineering-Jayanagar, Bengaluru",GM,92178,,,,,,,
E045,"Dr H N National College Of Engineering-Jayanagar, Bengaluru",KKR,,,,,,,,
E046,"East Point College of Engineering and Technology-Avalahalli, Bengaluru",GM,,,,,,,,
E046,"East Point College of Engineering and Technology-Avalahalli, Bengaluru",KKR,,,,,,,,
E048,"East West Institute of Technology-BEL Layout, Bengaluru",GM,86713,,,88008,,,,
E048,"East West Institute of Technology-BEL Layout, Bengaluru",KKR,,,,,,,,
E049,"Garden City University-Old Madras Road, Bengaluru",GM,,,,,,,,
E049,"Garden City University-Old Madras Road, Bengaluru",KKR,,,,,,,,
E050,"Global Academy of Technology-Rajarajeshwari Nagar, Bengaluru",GM,45980,65088,,41564,,,,
E050,"Global Academy of Technology-Rajarajeshwari Nagar, Bengaluru",KKR,98558,,,101671,,,,
E051,"GM Institute of Technology-P B Road, Davangere",GM,,,,109678,,,,
E051,"GM Institute of Technology-P B Road, Davangere",KKR,,,,,,,,
E053,"Gopalan College of Engineering And Management-Whitefield, Bengaluru",GM,,,,,,,,
E053,"Gopalan College of Engineering And Management-Whitefield, Bengaluru",KKR,,,,,,,,
E055,"GSSS Institute of Engineering and Technology for Women-Metagalli, Mysuru",GM,43300,,,,,,,
E055,"GSSS Institute of Engineering and Technology for Women-Metagalli, Mysuru",KKR,97455,,,,,,,
E056,"H.K.E.Societys P.D.A. College of Engineering-Aiwan E Shahi area, Kalaburgi",GM,,,,99650,,,,
E056,"H.K.E.Societys P.D.A. College of Engineering-Aiwan E Shahi area, Kalaburgi",KKR,,,,,,,,
E058,"Sri Jayachamarajendra College of Engineering constituent college of JSS Science and
Technology University-Manasagangothri, Mysuru",GM,,,,,,,,
E058,"Sri Jayachamarajendra College of Engineering constituent college of JSS Science and
Technology University-Manasagangothri, Mysuru",KKR,,,,,,,,
E059,"Jawaharlal Nehru New College of Engineering JNNCE-Swalanga Road, Shivamogga",GM,,,,66865,,,,
E059,"Jawaharlal Nehru New College of Engineering JNNCE-Swalanga Road, Shivamogga",KKR,,,,,,,,
E060,"JSS Academy of Technical Education-Kengeri Main Road, Bengaluru",GM,,,,,,,,
E060,"JSS Academy of Technical Education-Kengeri Main Road, Bengaluru",KKR,,,,,,,,
E061,JSS Science and Technology University-Mysuru,GM,,,,,,,,
E061,JSS Science and Technology University-Mysuru,KKR,,,,,,,,
E062,"Jain College of Engineering-T.S Nagar, Belagavi",GM,,,,,,,,
E062,"Jain College of Engineering-T.S Nagar, Belagavi",KKR,,,,,,,,
E063,"Jnana Vikas Institute of Technology-Bidadi, Ramnagar Taluk, Bengaluru Rural",GM,,,,,,,,
E063,"Jnana Vikas Institute of Technology-Bidadi, Ramnagar Taluk, Bengaluru Rural",KKR,,,,,,,,
E064,"Jain College of Engineering and Research-Udyambag, Belagavi",GM,,,,,,,,
E064,"Jain College of Engineering and Research-Udyambag, Belagavi",KKR,,,,,,,,
E065,"KLE Technological University  Formerly called as KLE Dr. M.S. Sheshgiri College of
Engineering and Technology-Udyambag, Belagavi",GM,,,,,,,,
E065,"KLE Technological University  Formerly called as KLE Dr. M.S. Sheshgiri College of
Engineering and Technology-Udyambag, Belagavi",KKR,,,,,,,,
E066,"KLE College of Engineering and Technology-Chikodi Dist., Belagavi",GM,75025,,,,,,,
E066,"KLE College of Engineering and Technology-Chikodi Dist., Belagavi",KKR,,,,,,,,
E067,"K.S School of Engineering And Management-Off Kanakapura Road, Bengaluru",GM,102001,,,,,,,
E067,"K.S School of Engineering And Management-Off Kanakapura Road, Bengaluru",KKR,,,,,,,,
E068,"K.S. Institute of Technology-Kanakapura Main Road, Bengaluru",GM,,,,69505,,,,
E068,"K.S. Institute of Technology-Kanakapura Main Road, Bengaluru",KKR,,,,78846,,,,
E069,"KVG College Of Engineering-Sullia, Dakshina Kannada",GM,,,,,,,,
E069,"KVG College Of Engineering-Sullia, Dakshina Kannada",KKR,,,,,,,,
E070,"Kalpataru Institute of Technology-B H Road, Tiptur",GM,,,,103283,,,,
E070,"Kalpataru Institute of Technology-B H Road, Tiptur",KKR,,,,,,,,
E071,"Karavali Institute of Technology-Kottara, Mangaluru",GM,,111746,,,,,,
E071,"Karavali Institute of Technology-Kottara, Mangaluru",KKR,,,,,,,,
E073,"KLS Gogte Institute of Technology-Udyambag, Belagavi",GM,,51940,,,,,,
E073,"KLS Gogte Institute of Technology-Udyambag, Belagavi",KKR,,,,,,,,
E074,"KLS Vishwanathrao Deshpande Institute of Technology-Dandeli Road, Haliyal",GM,,,,,,,,
E074,"KLS Vishwanathrao Deshpande Institute of Technology-Dandeli Road, Haliyal",KKR,,,,,,,,
E075,"KNS Institute of Technology-Yelahanka, Bengaluru",GM,96455,,,110959,,,,
E075,"KNS Institute of Technology-Yelahanka, Bengaluru",KKR,,,,,,,,
E076,"M.S. Engineering College-Sadahalli, Bengaluru",GM,,,,59221,,,,
E076,"M.S. Engineering College-Sadahalli, Bengaluru",KKR,,,,,,,,
E077,"M.S. Ramaiah Institute of Technology-MSR Nagar, Bengaluru",GM,1535,,,1481,,,,5552
E077,"M.S. Ramaiah Institute of Technology-MSR Nagar, Bengaluru",KKR,7374,,,5102,,,,25650
E078,"Maharaja Institute of Technology-Belawadi, Mandya",GM,,,,,,,,
E078,"Maharaja Institute of Technology-Belawadi, Mandya",KKR,,,,,,,,
E079,"Malnad College of Engineering-Rangoli Halla, Hassan",GM,,,,,,,,
E079,"Malnad College of Engineering-Rangoli Halla, Hassan",KKR,,,,,,,,
E080,"Mangalore Institute of Technology and Engineering-Moodbidri, Mangaluru",GM,,106537,,110453,,,,
E080,"Mangalore Institute of Technology and Engineering-Moodbidri, Mangaluru",KKR,,,,,,,,
E081,"Moodalakatte Institute of Technology-Moodalakatte, Udupi",GM,,,,100968,,,,
E081,"Moodalakatte Institute of Technology-Moodalakatte, Udupi",KKR,,,,,,,,
E082,"Maharaja Institute of Technology-Thandavapura, Mysuru",GM,88161,,,,,,,
E082,"Maharaja Institute of Technology-Thandavapura, Mysuru",KKR,,,,,,,,
E083,"Mysuru Royal Institute of Technology-Palahallli, Mandya District",GM,,,,104732,,,,
E083,"Mysuru Royal Institute of Technology-Palahallli, Mandya District",KKR,,,,,,,,
E084,"Nagarjuna College of Engineering And Technology-Devanahalli, Bengaluru",GM,,,,,,,,
E084,"Nagarjuna College of Engineering And Technology-Devanahalli, Bengaluru",KKR,,,,,,,,
E085,"The National Institute of Engineering North Campus-Koorgalli, Mysuru",GM,,,,,,,,
E085,"The National Institute of Engineering North Campus-Koorgalli, Mysuru",KKR,,,,,,,,
E088,"Navodaya Institute of Technology-Bijangera, Raichur",GM,,,,,,,,
E088,"Navodaya Institute of Technology-Bijangera, Raichur",KKR,,,,,,,,
E089,"P.E.S.College of Engineering-PES College Road, Mandya",GM,,,,,,,,
E089,"P.E.S.College of Engineering-PES College Road, Mandya",KKR,,,,,,,,
E090,"PES Institute of Technology and Management-Kotegangoor Cost, Shivamogga",GM,,,,29423,,,,
E090,"PES Institute of Technology and Management-Kotegangoor Cost, Shivamogga",KKR,,,,69102,,,,
E094,"Proudhadevaraya Institute of Technology-TB Dam Road, Hosapete",GM,,,,,,,,
E094,"Proudhadevaraya Institute of Technology-TB Dam Road, Hosapete",KKR,,,,,,,,
E095,"R V College of Engineering-Mysore Road, Bengaluru",GM,,,,,,,,2467
E095,"R V College of Engineering-Mysore Road, Bengaluru",KKR,,,,,,,,21999
E096,"R.L. Jalappa Institute of Technology-Kodigehalli, Doddaballapur",GM,,,,,,,,
E096,"R.L. Jalappa Institute of Technology-Kodigehalli, Doddaballapur",KKR,,,,,,,,
E097,"R.R. Institute of Technology-Chikkabanavara, Bengaluru",GM,,,,75157,,,,
E097,"R.R. Institute of Technology-Chikkabanavara, Bengaluru",KKR,,,,105479,,,,
E098,"R T E Societys Rural Engineering College-Hulkoti, Gadag",GM,,,,107722,,,,
E098,"R T E Societys Rural Engineering College-Hulkoti, Gadag",KKR,,,,,,,,
E099,"Raja Rajeswari College of Engineering-Kumbalgodu, Bengaluru",GM,,,,84409,,,,
E099,"Raja Rajeswari College of Engineering-Kumbalgodu, Bengaluru",KKR,,,,,,,,
E100,"Rajeev Institute of Technology-BM Bypass Road, Hassan",GM,81336,,,,,,,
E100,"Rajeev Institute of Technology-BM Bypass Road, Hassan",KKR,,,,,,,,
E101,"Rajiv Gandhi Institute of Technology-R T Nagar Post, Bengaluru",GM,,,,78741,,,,
E101,"Rajiv Gandhi Institute of Technology-R T Nagar Post, Bengaluru",KKR,,,,,,,,
E102,"Rao Bahadur Y Mahabaleswarappa Engineering College-Cantonment, Ballari",GM,,,,,,,,
E102,"Rao Bahadur Y Mahabaleswarappa Engineering College-Cantonment, Ballari",KKR,,,,,,,,
E104,"RNS Institute of Technology-R R Nagar Post, Bengaluru",GM,,,,,,,,
E104,"RNS Institute of Technology-R R Nagar Post, Bengaluru",KKR,,,,,,,,
E105,"Bheemanna Khandre Institute of Technology-Bhalki, Bidar",GM,,,,,,,,
E105,"Bheemanna Khandre Institute of Technology-Bhalki, Bidar",KKR,,,,,,,,
E107,"SJB Institute of Technology-Kengeri, Bengaluru",GM,,,,32855,,,,
E107,"SJB Institute of Technology-Kengeri, Bengaluru",KKR,,,,69830,,,,
E108,"S J C Institute of Technology-BB Road, Chikkaballapur",GM,103949,111798,,,,,,39464
E108,"S J C Institute of Technology-BB Road, Chikkaballapur",KKR,,,,,,,,
E109,"S.E.A. College of Engineering and Technology-K R Puram, Bengaluru",GM,106414,,,100305,,,,
E109,"S.E.A. College of Engineering and Technology-K R Puram, Bengaluru",KKR,,,,,,,,
E110,"SSETs S.G. Balekundri Institute of Technology-Shivabasva Nagar, Belagavi",GM,101776,,,,,,,
E110,"SSETs S.G. Balekundri Institute of Technology-Shivabasva Nagar, Belagavi",KKR,,,,,,,,
E111,"S.J.P.N Trust s Hirasugar Institute of Technology-Nidasoshi, Belagavi",GM,,,,,,,,
E111,"S.J.P.N Trust s Hirasugar Institute of Technology-Nidasoshi, Belagavi",KKR,,,,,,,,
E112,"Sahyadri College of Engineering and Management-Adyar, Mangaluru",GM,,,,,,,,
E112,"Sahyadri College of Engineering and Management-Adyar, Mangaluru",KKR,,,,,,,,
E113,"Sai Vidya Institute of Technology-Rajan Kunte, Bengaluru",GM,,,,,,,,
E113,"Sai Vidya Institute of Technology-Rajan Kunte, Bengaluru",KKR,,,,,,,,
E114,"Sambhram Institute of Technology-Jalahalli East, Bengaluru",GM,103357,,,107883,,,,
E114,"Sambhram Institute of Technology-Jalahalli East, Bengaluru",KKR,,,,,,,,
E116,"Sapthagiri NPS University-Hesarghatta Main Road, Bengaluru",GM,,,,,,,,
E116,"Sapthagiri NPS University-Hesarghatta Main Road, Bengaluru",KKR,,,,,,,,
E117,"SDM College of Engineering and Technology, Tulu Minority-Kalaghatagi, Dharwad",GM,,,,39776,,,,
E117,"SDM College of Engineering and Technology, Tulu Minority-Kalaghatagi, Dharwad",KKR,,,,61368,,,,
E118,"SDM Institute of Technology, Tulu Minority-Ujjire, Dakshina Kannada",GM,64100,,,,,,,
E118,"SDM Institute of Technology, Tulu Minority-Ujjire, Dakshina Kannada",KKR,,,,,,,,
E119,"SECAB Institute of Engineering andTechnology-Nauraspur-Bagalkot Road, Vijayapura",GM,,,,,,,,
E119,"SECAB Institute of Engineering andTechnology-Nauraspur-Bagalkot Road, Vijayapura",KKR,,,,,,,,
E121,"Sri Sairam College of Engineering-Anekal, Bengaluru",GM,,,,100054,,,,
E121,"Sri Sairam College of Engineering-Anekal, Bengaluru",KKR,,,,,,,,
E122,"Shree Devi Institute of Technology-Kenjar, Mangaluru",GM,75557,,,,,,,
E122,"Shree Devi Institute of Technology-Kenjar, Mangaluru",KKR,,,,,,,,
E123,"Shri Madhwa Vadiraja Institute of Technology and Management-Bantakal, Udupi",GM,62552,,,68554,,,,
E123,"Shri Madhwa Vadiraja Institute of Technology and Management-Bantakal, Udupi",KKR,,,,,,,,
E124,"Shridevi Institute of Engineering and Technology-Sira Road, Tumakuru",GM,95597,,,109969,,,,
E124,"Shridevi Institute of Engineering and Technology-Sira Road, Tumakuru",KKR,,,,,,,,
E125,"Siddaganga Institute of Technology-B H Road, Tumakuru",GM,,,,,,,,
E125,"Siddaganga Institute of Technology-B H Road, Tumakuru",KKR,,,,,,,,
E126,"Sir M.Visvesvaraya Institute of Technology-Yelahanka, Bengaluru",GM,,,,13648,,,,
E126,"Sir M.Visvesvaraya Institute of Technology-Yelahanka, Bengaluru",KKR,,,,41340,,,,
E127,"SJM Institute of Technology-NH 4 Bye-pass, Chitradurga",GM,,,,99035,,,,
E127,"SJM Institute of Technology-NH 4 Bye-pass, Chitradurga",KKR,,,,,,,,
E128,"Smt. Kamala and Sri Venkappa M. Agadi College of Engineering and Technology-
Laxmeswar, Gadag",GM,,,,,,,,
E128,"Smt. Kamala and Sri Venkappa M. Agadi College of Engineering and Technology-
Laxmeswar, Gadag",KKR,,,,,,,,
E132,"Sri Krishna Institute of Technology-Chikkabanavara, Bengaluru",GM,,,,99691,,,,
E132,"Sri Krishna Institute of Technology-Chikkabanavara, Bengaluru",KKR,,,,,,,,
E136,"Sri Taralabalu Jagadguru Institute of Technology-Haveri Dist., Ranebennur",GM,,,,,,,,
E136,"Sri Taralabalu Jagadguru Institute of Technology-Haveri Dist., Ranebennur",KKR,,,,,,,,
E137,"Sri Venkateshwara College of Engineering-KIAL Road, Bengaluru",GM,,,,,,,,
E137,"Sri Venkateshwara College of Engineering-KIAL Road, Bengaluru",KKR,,,,,,,,
E138,"Srinivas Institute of Technology-Hampankatta, Mangaluru",GM,88041,,,82632,,,,
E138,"Srinivas Institute of Technology-Hampankatta, Mangaluru",KKR,,,,,,,,
E141,"T. John Institute of Technology-Bannerghatta Road, Bengaluru",GM,,,,85430,,,,
E141,"T. John Institute of Technology-Bannerghatta Road, Bengaluru",KKR,,,,,,,,
E142,"The National Institute of Engineering South Campus-Mananthavady Road, Mysuru",GM,,,,,,,,
E142,"The National Institute of Engineering South Campus-Mananthavady Road, Mysuru",KKR,,,,,,,,
E143,"Tontadarya College of Engineering-Mundaragi Road , Gadag",GM,,,,54026,,,,
E143,"Tontadarya College of Engineering-Mundaragi Road , Gadag",KKR,,,,,,,,
E144,"Veerappa Nisty Engineering College-Shorapur, Yadgir",GM,,,,,,,,
E144,"Veerappa Nisty Engineering College-Shorapur, Yadgir",KKR,,,,,,,,
E145,"Vemana Institute of Technology-Koramangala, Bengaluru",GM,,,,84424,,,,
E145,"Vemana Institute of Technology-Koramangala, Bengaluru",KKR,,,,,,,,
E146,"Vidya Vikas Institute of Engineering and Technology-Alnahally, Mysuru",GM,,,,,,,,
E146,"Vidya Vikas Institute of Engineering and Technology-Alnahally, Mysuru",KKR,,,,,,,,
E147,"Vidyavardhaka College of Engineering-Gokulam, Mysuru",GM,,,,,,,,
E147,"Vidyavardhaka College of Engineering-Gokulam, Mysuru",KKR,,,,,,,,
E148,"Vivekananda College of Engineering and Technology-Puttur, Dakshin Kannada",GM,,,,108648,,,,
E148,"Vivekananda College of Engineering and Technology-Puttur, Dakshin Kannada",KKR,,,,,,,,
E152,"ATME College of Engineering-Bannur Road, Mysuru",GM,,,,,,,,
E152,"ATME College of Engineering-Bannur Road, Mysuru",KKR,,,,,,,,
E156,"Jyothy Institute of Technology-Tathguni, Bengaluru",GM,,,,85311,,,,
E156,"Jyothy Institute of Technology-Tathguni, Bengaluru",KKR,,,,,,,,
E158,"Shetty Institute of Technology - Gulbarga Shahabad Road, Kalaburagi",GM,,,,,,,,
E158,"Shetty Institute of Technology - Gulbarga Shahabad Road, Kalaburagi",KKR,,,,,,,,
E159,"Lingaraj Appa Engineering-Gornalli, Bidar",GM,,,,,,,,
E159,"Lingaraj Appa Engineering-Gornalli, Bidar",KKR,,,,,,,,
E161,"Cambridge Institute of Technology North Campus-Kundana, Bengaluru",GM,,,,,,,,
E161,"Cambridge Institute of Technology North Campus-Kundana, Bengaluru",KKR,,,,,,,,
E164,"Reva University-Yelahanka, Bengaluru",GM,17685,,40611,,,,,
E164,"Reva University-Yelahanka, Bengaluru",KKR,54374,,86205,,,,,
E165,"Alliance College of Engineering and Design. Alliance University-Anekal, Bengaluru",GM,,,,,,,,20810
E165,"Alliance College of Engineering and Design. Alliance University-Anekal, Bengaluru",KKR,,,,,,,,39198
E171,"GITAM Deemed to be University-Dodaballapur taluk, Bengaluru",GM,,,,,,,,
E171,"GITAM Deemed to be University-Dodaballapur taluk, Bengaluru",KKR,,,,,,,,
E172,"Mysore College of Engineering and Management-Chikkahalli, Mysuru",GM,,,,,,,,
E172,"Mysore College of Engineering and Management-Chikkahalli, Mysuru",KKR,,,,,,,,
E173,"Presidency University-Yelahanka, Bengaluru",GM,,,,,,,,
E173,"Presidency University-Yelahanka, Bengaluru",KKR,,,,,,,,
E183,"Jain Institute of Technology-Avaragere Village, Davangere",GM,,,,73933,,,,
E183,"Jain Institute of Technology-Avaragere Village, Davangere",KKR,,,,,,,,
E187,"CMR University-Bagalur-Chagalatti, Bengaluru",GM,,,,,,,,
E187,"CMR University-Bagalur-Chagalatti, Bengaluru",KKR,,,,,,,,
E191,"Sir M V School Of Architecture-Yelahanka, Bengaluru",GM,,,,,,,,
E191,"Sir M V School Of Architecture-Yelahanka, Bengaluru",KKR,,,,,,,,
E194,"Jain College of Engineering and Technology-Unkal, Hubballi",GM,,,,58347,,,,
E194,"Jain College of Engineering and Technology-Unkal, Hubballi",KKR,,,,,,,,
E195,"Navkis College of Engineering -Kandali NH75, Hassan",GM,55845,,,103040,,,,
E195,"Navkis College of Engineering -Kandali NH75, Hassan",KKR,,,,,,,,
E197,"M.S. Ramaiah University of Applied Sciences-MSR Nagar, Bengaluru",GM,,,,,,,,
E197,"M.S. Ramaiah University of Applied Sciences-MSR Nagar, Bengaluru",KKR,,,,,,,,
E198,"R V Institute of Technology and Management-J P Nagar, Bengaluru",GM,,,,,,,,
E198,"R V Institute of Technology and Management-J P Nagar, Bengaluru",KKR,,,,,,,,
E199,"Biluru Gurubasava Mahaswamiji Institute of Technology-Mudhol, Bagalkot",GM,,,,57867,,,,
E199,"Biluru Gurubasava Mahaswamiji Institute of Technology-Mudhol, Bagalkot",KKR,,,,,,,,
E201,"G Madegowda Institute of Technology-Maddur, Mandya District",GM,,,,,,,,
E201,"G Madegowda Institute of Technology-Maddur, Mandya District",KKR,,,,,,,,
E202,"C Byregowda Insitute of Technology-Thoradevandahalli, Kolar",GM,,,,101109,,,,
E202,"C Byregowda Insitute of Technology-Thoradevandahalli, Kolar",KKR,,,,,,,,
E203,"Amruta Institute of Engineering and Management Science-Bidadi, Ramnagar Taluk,
Bengaluru Rural",GM,,,,53616,,,,
E203,"Amruta Institute of Engineering and Management Science-Bidadi, Ramnagar Taluk,
Bengaluru Rural",KKR,,,,,,,,
E204,"H.K.E. Societys Sir M. Visvesvaraya College of Engineering-Yermarus Camp, Raichur",GM,,,,,,,,
E204,"H.K.E. Societys Sir M. Visvesvaraya College of Engineering-Yermarus Camp, Raichur",KKR,,,,,,,,
E205,"Vijaya Vittala Institution of Technology-Kothanur, Bengaluru",GM,,,,111222,,,,
E205,"Vijaya Vittala Institution of Technology-Kothanur, Bengaluru",KKR,,,,,,,,
E206,"Cauvery Institute Of Technology-Sundahalli, Mandya",GM,,,,,,,,
E206,"Cauvery Institute Of Technology-Sundahalli, Mandya",KKR,,,,,,,,
E207,"BGS College of Engineering and Technology-Mahalaxmipuram, Bengaluru",GM,55776,,,56672,,,,
E207,"BGS College of Engineering and Technology-Mahalaxmipuram, Bengaluru",KKR,,,,,,,,
E208,"A.G.M Rural College of Engineering and Technology-Varur, Hubballi",GM,,,,,,,,
E208,"A.G.M Rural College of Engineering and Technology-Varur, Hubballi",KKR,,,,,,,,
E209,"Aditya College of Engineering and Technology-Yelahanka, Bengaluru",GM,110705,,,108541,,,,
E209,"Aditya College of Engineering and Technology-Yelahanka, Bengaluru",KKR,,,,,,,,
E211,"East West College of Engineering-Yelahanka, Bengaluru",GM,,90403,,,,,,
E211,"East West College of Engineering-Yelahanka, Bengaluru",KKR,,,,,,,,
E212,"Seshadripuram Institute of Technology - Jaipura Hobli, Mysuru",GM,,,,75039,,,,
E212,"Seshadripuram Institute of Technology - Jaipura Hobli, Mysuru",KKR,,,,,,,,
E214,"Sri Siddhartha School of Engineering-Near Kyathsandra Toll Gate, Tumkur",GM,,,,85622,,,,
E214,"Sri Siddhartha School of Engineering-Near Kyathsandra Toll Gate, Tumkur",KKR,,,,,,,,
E215,"Cauvery College of Engineering-KBL Layout, Mysuru",GM,,,,,,,,
E215,"Cauvery College of Engineering-KBL Layout, Mysuru",KKR,,,,,,,,
E216,"New Ebenezer Institute of Technology - Kothanur, Bangalore",GM,,,,,,,,
E216,"New Ebenezer Institute of Technology - Kothanur, Bangalore",KKR,,,,,,,,
E217,"Harsha Institute of Technology-Nelamangala Taluk, Bangalore Rural",GM,,,,,,,,
E217,"Harsha Institute of Technology-Nelamangala Taluk, Bangalore Rural",KKR,,,,,,,,
College Code,College Name,Seat Category,"AU-Automobile Engineering","AVE-Automotive Engineering",BD-Bachelor of Design,"BDC-Bachelor of Design (Communic- ation & Design)",,"BFD-Bachelor of Design (Fashion Design)",BID-Bachelor of Design (Industrial Design),"BLD-Bachelor of Design (Lifestyle & Accessory Design)"
E001,"Acharya Institute of Technology-Soladevanahalli, Bengaluru",GM,,,,,,,,
E001,"Acharya Institute of Technology-Soladevanahalli, Bengaluru",KKR,,,,,,,,
E003,"A.C.S. College of Engineering-Kambipura Mysore Road, Bengaluru",GM,,,,,,,,
E003,"A.C.S. College of Engineering-Kambipura Mysore Road, Bengaluru",KKR,,,,,,,,
E004,"Adichunchanagiri Institute Of Technology-Jyothi Nagara, Chikkamagaluru",GM,,,,,,,,
E005,"Akash Institute of Engineering and Technology-Devanahalli, Bengaluru Rural",GM,,,,,,,,
E006,"Alvas Institute of Engineering and Technology-Moodbidri, Mangaluru",GM,,,,,,,,
E007,"AMC Engineering College-Bannerghatta Rd, Bengaluru",GM,,,,,,,,
E007,"AMC Engineering College-Bannerghatta Rd, Bengaluru",KKR,,,,,,,,
E009,"Angadi Institute of Technology and Management-Savagaon Road, Belagavi",GM,,,,,,,,
E012,"Atria Institute of Technology-Hebbal, Bengaluru",GM,,,,,,,,
E012,"Atria Institute of Technology-Hebbal, Bengaluru",KKR,,,,,,,,
E013,"Akshaya Institute of Technology-Koratagere Road, Tumakuru",GM,,,,,,,,
E014,"Anuvartik Mirji Bharatesh Institute of Technology-Shindhollicross, Belagavi",GM,,,,,,,,
E015,"B.N.M. Institute of Technology-Banashankari, Bengaluru",GM,,,,,,,,
E015,"B.N.M. Institute of Technology-Banashankari, Bengaluru",KKR,,,,,,,,
E016,"KLE Technological University Formerly known as BVBCET-Vidyanagar, Hubballi",GM,,,,,,,,
E016,"KLE Technological University Formerly known as BVBCET-Vidyanagar, Hubballi",KKR,,,,,,,,
E017,"Ballari Institute of Technology And Management-Near Allipura, Ballari",GM,,,,,,,,
E019,"Bangalore Institute of Technology-V V Puram, Bengaluru",GM,,,,,,,,
E019,"Bangalore Institute of Technology-V V Puram, Bengaluru",KKR,,,,,,,,
E020,"Bangalore Technological Institute-Chikkanayakanahalli Dinne, Bengaluru",GM,,,,,,,,
E020,"Bangalore Technological Institute-Chikkanayakanahalli Dinne, Bengaluru",KKR,,,,,,,,
E021,"Bapuji Institute of Engineering and Technology-Shamanur Road, Davangere",GM,,,,,,,,
E021,"Bapuji Institute of Engineering and Technology-Shamanur Road, Davangere",KKR,,,,,,,,
E024,"Basaveshwar Engineering College-Vidya Nagar, Bagalkote",GM,83464,,,,,,,
E027,"BMS College of Engineering-Basavanagudi, Bengaluru",GM,,,,,,,,
E027,"BMS College of Engineering-Basavanagudi, Bengaluru",KKR,,,,,,,,
E028,"BMS Institute of Technology and Management-Yelahanka, Bengaluru",GM,,,,,,,,
E028,"BMS Institute of Technology and Management-Yelahanka, Bengaluru",KKR,,,,,,,,
E030,"Brindavan College of Engineering-Yelahanka, Bengaluru",GM,,,,,,,,
E032,"C.M.R. Institute of Technology-Brookefield, Bengaluru",GM,,,,,,,,
E032,"C.M.R. Institute of Technology-Brookefield, Bengaluru",KKR,,,,,,,,
E033,"Cambridge Institute of Technology-K R Puram, Bengaluru",GM,,,,,,,,
E033,"Cambridge Institute of Technology-K R Puram, Bengaluru",KKR,,,,,,,,
E035,"Channabasaveshwara Institute of Technology- Gubbi, Tumakuru",GM,,,,,,,,
E037,"City Engineering College-Doddakalasandra, Bengaluru",GM,,,,,,,,
E038,"Coorg Institute of Technology-Ponnampet, South Kodagu",GM,,,,,,,,
E040,"Dayananda Sagar College of Engineering-Kumaraswamy Layout, Bengaluru",GM,18227,,,,,,,
E040,"Dayananda Sagar College of Engineering-Kumaraswamy Layout, Bengaluru",KKR,76203,,,,,,,
E041,"DON BOSCO Institute of Technology-Kumbalgodu, Bengaluru",GM,,,,,,,,
E042,"Dr. Ambedkar Institute of Technology-Malathahalli, Bengaluru",GM,,,,,,,,
E042,"Dr. Ambedkar Institute of Technology-Malathahalli, Bengaluru",KKR,,,,,,,,
E043,"Yenepoya Institute of Technology formerly known as Dr. M V Shetty Institute of
Technology-Moodbidri, Mangaluru",GM,,,,,,,,
E045,"Dr H N National College Of Engineering-Jayanagar, Bengaluru",GM,,,,,,,,
E048,"East West Institute of Technology-BEL Layout, Bengaluru",GM,,,,,,,,
E050,"Global Academy of Technology-Rajarajeshwari Nagar, Bengaluru",GM,,,,,,,,
E050,"Global Academy of Technology-Rajarajeshwari Nagar, Bengaluru",KKR,,,,,,,,
E051,"GM Institute of Technology-P B Road, Davangere",GM,,,,,,,,
E055,"GSSS Institute of Engineering and Technology for Women-Metagalli, Mysuru",GM,,,,,,,,
E055,"GSSS Institute of Engineering and Technology for Women-Metagalli, Mysuru",KKR,,,,,,,,
E056,"H.K.E.Societys P.D.A. College of Engineering-Aiwan E Shahi area, Kalaburgi",GM,,,,,,,,
E059,"Jawaharlal Nehru New College of Engineering JNNCE-Swalanga Road, Shivamogga",GM,,,,,,,,
E066,"KLE College of Engineering and Technology-Chikodi Dist., Belagavi",GM,,,,,,,,
E067,"K.S School of Engineering And Management-Off Kanakapura Road, Bengaluru",GM,,,,,,,,
E068,"K.S. Institute of Technology-Kanakapura Main Road, Bengaluru",GM,,,,,,,,
E068,"K.S. Institute of Technology-Kanakapura Main Road, Bengaluru",KKR,,,,,,,,
E070,"Kalpataru Institute of Technology-B H Road, Tiptur",GM,,,,,,,,
E071,"Karavali Institute of Technology-Kottara, Mangaluru",GM,,,,,,,,
E073,"KLS Gogte Institute of Technology-Udyambag, Belagavi",GM,,,,96497,,58226,,
E075,"KNS Institute of Technology-Yelahanka, Bengaluru",GM,,,,,,,,
E076,"M.S. Engineering College-Sadahalli, Bengaluru",GM,,,,,,,,
E077,"M.S. Ramaiah Institute of Technology-MSR Nagar, Bengaluru",GM,,,,,,,,
E077,"M.S. Ramaiah Institute of Technology-MSR Nagar, Bengaluru",KKR,,,,,,,,
E080,"Mangalore Institute of Technology and Engineering-Moodbidri, Mangaluru",GM,,,,,,,,
E081,"Moodalakatte Institute of Technology-Moodalakatte, Udupi",GM,,,,,,,,
E082,"Maharaja Institute of Technology-Thandavapura, Mysuru",GM,,,,,,,,
E083,"Mysuru Royal Institute of Technology-Palahallli, Mandya District",GM,,,,,,,,
E090,"PES Institute of Technology and Management-Kotegangoor Cost, Shivamogga",GM,,,,,,,,
E090,"PES Institute of Technology and Management-Kotegangoor Cost, Shivamogga",KKR,,,,,,,,
E095,"R V College of Engineering-Mysore Road, Bengaluru",GM,,,,,,,,
E095,"R V College of Engineering-Mysore Road, Bengaluru",KKR,,,,,,,,
E097,"R.R. Institute of Technology-Chikkabanavara, Bengaluru",GM,,,,,,,,
E097,"R.R. Institute of Technology-Chikkabanavara, Bengaluru",KKR,,,,,,,,
E098,"R T E Societys Rural Engineering College-Hulkoti, Gadag",GM,,,,,,,,
E099,"Raja Rajeswari College of Engineering-Kumbalgodu, Bengaluru",GM,,,,,,,,
E100,"Rajeev Institute of Technology-BM Bypass Road, Hassan",GM,,,,,,,,
E101,"Rajiv Gandhi Institute of Technology-R T Nagar Post, Bengaluru",GM,,,,,,,,
E107,"SJB Institute of Technology-Kengeri, Bengaluru",GM,,,,,,,,
E107,"SJB Institute of Technology-Kengeri, Bengaluru",KKR,,,,,,,,
E108,"S J C Institute of Technology-BB Road, Chikkaballapur",GM,,,,,,,,
E109,"S.E.A. College of Engineering and Technology-K R Puram, Bengaluru",GM,,,,,,,,
E110,"SSETs S.G. Balekundri Institute of Technology-Shivabasva Nagar, Belagavi",GM,,,,,,,,
E114,"Sambhram Institute of Technology-Jalahalli East, Bengaluru",GM,,,,,,,,
E117,"SDM College of Engineering and Technology, Tulu Minority-Kalaghatagi, Dharwad",GM,,,,,,,,
E117,"SDM College of Engineering and Technology, Tulu Minority-Kalaghatagi, Dharwad",KKR,,,,,,,,
E118,"SDM Institute of Technology, Tulu Minority-Ujjire, Dakshina Kannada",GM,,,,,,,,
E121,"Sri Sairam College of Engineering-Anekal, Bengaluru",GM,,,,,,,,
E122,"Shree Devi Institute of Technology-Kenjar, Mangaluru",GM,,,,,,,,
E123,"Shri Madhwa Vadiraja Institute of Technology and Management-Bantakal, Udupi",GM,,,,,,,,
E124,"Shridevi Institute of Engineering and Technology-Sira Road, Tumakuru",GM,,,,,,,,
E126,"Sir M.Visvesvaraya Institute of Technology-Yelahanka, Bengaluru",GM,,,,,,,,
E126,"Sir M.Visvesvaraya Institute of Technology-Yelahanka, Bengaluru",KKR,,,,,,,,
E127,"SJM Institute of Technology-NH 4 Bye-pass, Chitradurga",GM,,,,,,,,
E132,"Sri Krishna Institute of Technology-Chikkabanavara, Bengaluru",GM,,,,,,,,
E138,"Srinivas Institute of Technology-Hampankatta, Mangaluru",GM,101737,,,,,,,
E141,"T. John Institute of Technology-Bannerghatta Road, Bengaluru",GM,,,,,,,,
E143,"Tontadarya College of Engineering-Mundaragi Road , Gadag",GM,,,,,,,,
E145,"Vemana Institute of Technology-Koramangala, Bengaluru",GM,,,,,,,,
E148,"Vivekananda College of Engineering and Technology-Puttur, Dakshin Kannada",GM,,,,,,,,
E156,"Jyothy Institute of Technology-Tathguni, Bengaluru",GM,,,,,,,,
E164,"Reva University-Yelahanka, Bengaluru",GM,,,,,,,,
E164,"Reva University-Yelahanka, Bengaluru",KKR,,,,,,,,
E165,"Alliance College of Engineering and Design. Alliance University-Anekal, Bengaluru",GM,,,,,,,,
E165,"Alliance College of Engineering and Design. Alliance University-Anekal, Bengaluru",KKR,,,,,,,,
E183,"Jain Institute of Technology-Avaragere Village, Davangere",GM,,,,,,,,
E191,"Sir M V School Of Architecture-Yelahanka, Bengaluru",GM,,,102844,,,,,
E191,"Sir M V School Of Architecture-Yelahanka, Bengaluru",KKR,,,103694,,,,,
E194,"Jain College of Engineering and Technology-Unkal, Hubballi",GM,,,,,,,,
E195,"Navkis College of Engineering -Kandali NH75, Hassan",GM,,,,,,,,
E197,"M.S. Ramaiah University of Applied Sciences-MSR Nagar, Bengaluru",GM,,22073,,,,,,
E199,"Biluru Gurubasava Mahaswamiji Institute of Technology-Mudhol, Bagalkot",GM,,,,,,,,
E202,"C Byregowda Insitute of Technology-Thoradevandahalli, Kolar",GM,,,,,,,,
E203,"Amruta Institute of Engineering and Management Science-Bidadi, Ramnagar Taluk,
Bengaluru Rural",GM,,,,,,,,
E205,"Vijaya Vittala Institution of Technology-Kothanur, Bengaluru",GM,,,,,,,,
E207,"BGS College of Engineering and Technology-Mahalaxmipuram, Bengaluru",GM,,,,,,,,
E209,"Aditya College of Engineering and Technology-Yelahanka, Bengaluru",GM,,,,,,,,
E211,"East West College of Engineering-Yelahanka, Bengaluru",GM,,,,,,,,
E212,"Seshadripuram Institute of Technology - Jaipura Hobli, Mysuru",GM,,,,,,,,
E214,"Sri Siddhartha School of Engineering-Near Kyathsandra Toll Gate, Tumkur",GM,,,,,,,,
College Code,College Name,Seat Category,"BM-Bio-Medical Engineering",BP-Bachelor of Urban & Regional Planning,"BT-Bio-technology",CA-Computer Science & Engineering (Artificial Intelligence),,"CAD-Computer Science & Engineering (Artificial Intelligence & Data Science)","CB-Computer Science & Business Systems","CBD-Computer Science & Technology (Big Data)"
E001,"Acharya Institute of Technology-Soladevanahalli, Bengaluru",GM,,,57931,,,,,
E001,"Acharya Institute of Technology-Soladevanahalli, Bengaluru",KKR,,,94718,,,,,
E016,"KLE Technological University Formerly known as BVBCET-Vidyanagar, Hubballi",GM,,,67817,20584,,,,
E016,"KLE Technological University Formerly known as BVBCET-Vidyanagar, Hubballi",KKR,,,93008,34279,,,,
E017,"Ballari Institute of Technology And Management-Near Allipura, Ballari",GM,,,,71689,,,,
E017,"Ballari Institute of Technology And Management-Near Allipura, Ballari",KKR,,,,94232,,,,
E021,"Bapuji Institute of Engineering and Technology-Shamanur Road, Davangere",GM,,,59254,,,,,
E024,"Basaveshwar Engineering College-Vidya Nagar, Bagalkote",GM,,,101145,,,,,
E026,"BLDEAs V.P. Dr.P.G.Halakatti College of Engineering and Technology-Ashram Road,
Vijayapura",GM,,,,101501,,,,
E027,"BMS College of Engineering-Basavanagudi, Bengaluru",GM,,,14685,,,,2609,
E027,"BMS College of Engineering-Basavanagudi, Bengaluru",KKR,,,27720,,,,13163,
E028,"BMS Institute of Technology and Management-Yelahanka, Bengaluru",GM,,,,,,,10507,
E028,"BMS Institute of Technology and Management-Yelahanka, Bengaluru",KKR,,,,,,,31502,
E040,"Dayananda Sagar College of Engineering-Kumaraswamy Layout, Bengaluru",GM,,,24672,,,,,
E040,"Dayananda Sagar College of Engineering-Kumaraswamy Layout, Bengaluru",KKR,,,73759,,,,,
E042,"Dr. Ambedkar Institute of Technology-Malathahalli, Bengaluru",GM,,,,,,,30454,
E042,"Dr. Ambedkar Institute of Technology-Malathahalli, Bengaluru",KKR,,,,,,,76839,
E061,JSS Science and Technology University-Mysuru,GM,,,49649,,,,11883,
E061,JSS Science and Technology University-Mysuru,KKR,,,81543,,,,28978,
E065,"KLE Technological University  Formerly called as KLE Dr. M.S. Sheshgiri College of
Engineering and Technology-Udyambag, Belagavi",GM,97989,,,42189,,,,
E067,"K.S School of Engineering And Management-Off Kanakapura Road, Bengaluru",GM,,,,,,,106956,
E073,"KLS Gogte Institute of Technology-Udyambag, Belagavi",GM,,,,,,,,
E074,"KLS Vishwanathrao Deshpande Institute of Technology-Dandeli Road, Haliyal",GM,,,,105347,,,,
E077,"M.S. Ramaiah Institute of Technology-MSR Nagar, Bengaluru",GM,,,16827,,,,,
E077,"M.S. Ramaiah Institute of Technology-MSR Nagar, Bengaluru",KKR,,,53468,,,,,
E078,"Maharaja Institute of Technology-Belawadi, Mandya",GM,,,,77541,,,94740,
E079,"Malnad College of Engineering-Rangoli Halla, Hassan",GM,,,,,,,95037,
E089,"P.E.S.College of Engineering-PES College Road, Mandya",GM,,,,,,,10974,
E089,"P.E.S.College of Engineering-PES College Road, Mandya",KKR,,,,,,,81727,
E095,"R V College of Engineering-Mysore Road, Bengaluru",GM,,,8269,,,,,
E095,"R V College of Engineering-Mysore Road, Bengaluru",KKR,,,16843,,,,,
E101,"Rajiv Gandhi Institute of Technology-R T Nagar Post, Bengaluru",GM,68507,,,44085,,,,
E110,"SSETs S.G. Balekundri Institute of Technology-Shivabasva Nagar, Belagavi",GM,,,,,,,110996,
E126,"Sir M.Visvesvaraya Institute of Technology-Yelahanka, Bengaluru",GM,,,43258,,,,,
E126,"Sir M.Visvesvaraya Institute of Technology-Yelahanka, Bengaluru",KKR,,,44223,,,,,
E137,"Sri Venkateshwara College of Engineering-KIAL Road, Bengaluru",GM,,,,54335,,,,
E138,"Srinivas Institute of Technology-Hampankatta, Mangaluru",GM,,,,,,,96827,
E165,"Alliance College of Engineering and Design. Alliance University-Anekal, Bengaluru",GM,,,44556,,,,,
E173,"Presidency University-Yelahanka, Bengaluru",GM,,,,,,,,32789
E173,"Presidency University-Yelahanka, Bengaluru",KKR,,,,,,,,99717
E191,"Sir M V School Of Architecture-Yelahanka, Bengaluru",GM,,97535,,,,,,
E209,"Aditya College of Engineering and Technology-Yelahanka, Bengaluru",GM,,,,108579,,,,
E216,"New Ebenezer Institute of Technology - Kothanur, Bangalore",GM,,,,,,41235,,
E216,"New Ebenezer Institute of Technology - Kothanur, Bangalore",KKR,,,,,,81555,,
College Code,College Name,Seat Category,CC-Ceramic And Cement Technology,CCA-Civil Engineering with Computer Application,CCS-Civil Construction & Sustain- ability Engineering,"CD-Computer Science & Engineering (Data Science)",,"CE-Computer Engineering","CG-Computer Science & Design",CH-Chemical Engineering
E001,"Acharya Institute of Technology-Soladevanahalli, Bengaluru",GM,,,,28589,,,,
E001,"Acharya Institute of Technology-Soladevanahalli, Bengaluru",KKR,,,,77022,,,,
E003,"A.C.S. College of Engineering-Kambipura Mysore Road, Bengaluru",GM,,,,92839,,,,
E004,"Adichunchanagiri Institute Of Technology-Jyothi Nagara, Chikkamagaluru",GM,,,,107613,,,,
E005,"Akash Institute of Engineering and Technology-Devanahalli, Bengaluru Rural",GM,,,,95521,,,,
E006,"Alvas Institute of Engineering and Technology-Moodbidri, Mangaluru",GM,,,,108885,,,,
E007,"AMC Engineering College-Bannerghatta Rd, Bengaluru",GM,,,,69322,,,,
E007,"AMC Engineering College-Bannerghatta Rd, Bengaluru",KKR,,,,87495,,,,
E012,"Atria Institute of Technology-Hebbal, Bengaluru",GM,,,,57537,,,,
E012,"Atria Institute of Technology-Hebbal, Bengaluru",KKR,,,,65760,,,,
E017,"Ballari Institute of Technology And Management-Near Allipura, Ballari",GM,,,,109097,,,,
E019,"Bangalore Institute of Technology-V V Puram, Bengaluru",GM,,,,6503,,,,
E019,"Bangalore Institute of Technology-V V Puram, Bengaluru",KKR,,,,26807,,,,
E020,"Bangalore Technological Institute-Chikkanayakanahalli Dinne, Bengaluru",GM,,,,69946,,64521,,
E021,"Bapuji Institute of Engineering and Technology-Shamanur Road, Davangere",GM,,,,82667,,,,94423
E024,"Basaveshwar Engineering College-Vidya Nagar, Bagalkote",GM,,,,,,,,
E026,"BLDEAs V.P. Dr.P.G.Halakatti College of Engineering and Technology-Ashram Road,
Vijayapura",GM,,,,108471,,,,
E027,"BMS College of Engineering-Basavanagudi, Bengaluru",GM,,,,2360,,,,15697
E027,"BMS College of Engineering-Basavanagudi, Bengaluru",KKR,,,,10925,,,,79098
E032,"C.M.R. Institute of Technology-Brookefield, Bengaluru",GM,,,,13776,,,,
E032,"C.M.R. Institute of Technology-Brookefield, Bengaluru",KKR,,,,47344,,,,
E033,"Cambridge Institute of Technology-K R Puram, Bengaluru",GM,,,,32745,,,,
E033,"Cambridge Institute of Technology-K R Puram, Bengaluru",KKR,,,,84302,,,,
E036,"Chanakya University-Devanahalli, Bengaluru Rural",GM,,,78919,,,,,
E039,"Dayananda Sagar Academy of Technology and Management-Kanakpura Road, Bengaluru",GM,,,,20304,,,,
E039,"Dayananda Sagar Academy of Technology and Management-Kanakpura Road, Bengaluru",KKR,,,,41231,,,,
E040,"Dayananda Sagar College of Engineering-Kumaraswamy Layout, Bengaluru",GM,,,,3754,,,5232,18853
E040,"Dayananda Sagar College of Engineering-Kumaraswamy Layout, Bengaluru",KKR,,,,17185,,,22630,79665
E042,"Dr. Ambedkar Institute of Technology-Malathahalli, Bengaluru",GM,,,,25701,,,,
E042,"Dr. Ambedkar Institute of Technology-Malathahalli, Bengaluru",KKR,,,,63566,,,,
E043,"Yenepoya Institute of Technology formerly known as Dr. M V Shetty Institute of
Technology-Moodbidri, Mangaluru",GM,,,,76730,,,,
E046,"East Point College of Engineering and Technology-Avalahalli, Bengaluru",GM,,,,67436,,,,
E053,"Gopalan College of Engineering And Management-Whitefield, Bengaluru",GM,,,,75333,,,,
E056,"H.K.E.Societys P.D.A. College of Engineering-Aiwan E Shahi area, Kalaburgi",GM,,,,,,,89470,
E059,"Jawaharlal Nehru New College of Engineering JNNCE-Swalanga Road, Shivamogga",GM,,,,102725,,,,
E065,"KLE Technological University  Formerly called as KLE Dr. M.S. Sheshgiri College of
Engineering and Technology-Udyambag, Belagavi",GM,,,,,,,,69934
E065,"KLE Technological University  Formerly called as KLE Dr. M.S. Sheshgiri College of
Engineering and Technology-Udyambag, Belagavi",KKR,,,,,,,,84413
E068,"K.S. Institute of Technology-Kanakapura Main Road, Bengaluru",GM,,,,,,,110282,
E071,"Karavali Institute of Technology-Kottara, Mangaluru",GM,,,,111679,,,,
E075,"KNS Institute of Technology-Yelahanka, Bengaluru",GM,,,,107761,,,,
E076,"M.S. Engineering College-Sadahalli, Bengaluru",GM,,,,71433,,,,
E077,"M.S. Ramaiah Institute of Technology-MSR Nagar, Bengaluru",GM,,,,,,,,15712
E077,"M.S. Ramaiah Institute of Technology-MSR Nagar, Bengaluru",KKR,,,,,,,,106796
E078,"Maharaja Institute of Technology-Belawadi, Mandya",GM,,,,86250,,92514,,
E084,"Nagarjuna College of Engineering And Technology-Devanahalli, Bengaluru",GM,,,,100975,,,,
E089,"P.E.S.College of Engineering-PES College Road, Mandya",GM,,,,11614,,,,
E090,"PES Institute of Technology and Management-Kotegangoor Cost, Shivamogga",GM,,,,33284,,37346,56991,
E095,"R V College of Engineering-Mysore Road, Bengaluru",GM,,,,462,,,,5309
E095,"R V College of Engineering-Mysore Road, Bengaluru",KKR,,,,2476,,,,72302
E096,"R.L. Jalappa Institute of Technology-Kodigehalli, Doddaballapur",GM,,,,84087,,,,
E099,"Raja Rajeswari College of Engineering-Kumbalgodu, Bengaluru",GM,,,,,,,107629,
E104,"RNS Institute of Technology-R R Nagar Post, Bengaluru",GM,,,,21321,,,,
E104,"RNS Institute of Technology-R R Nagar Post, Bengaluru",KKR,,,,50313,,,,
E105,"Bheemanna Khandre Institute of Technology-Bhalki, Bidar",GM,,,,83596,,,,52875
E107,"SJB Institute of Technology-Kengeri, Bengaluru",GM,,,,33868,,,,
E107,"SJB Institute of Technology-Kengeri, Bengaluru",KKR,,,,86446,,,,
E108,"S J C Institute of Technology-BB Road, Chikkaballapur",GM,,,,,,,38511,
E113,"Sai Vidya Institute of Technology-Rajan Kunte, Bengaluru",GM,,,,111627,,,,
E116,"Sapthagiri NPS University-Hesarghatta Main Road, Bengaluru",GM,,,,58808,,,,
E116,"Sapthagiri NPS University-Hesarghatta Main Road, Bengaluru",KKR,,,,79991,,,,
E117,"SDM College of Engineering and Technology, Tulu Minority-Kalaghatagi, Dharwad",GM,,,,,,,,42737
E126,"Sir M.Visvesvaraya Institute of Technology-Yelahanka, Bengaluru",GM,,,,13422,,,,
E126,"Sir M.Visvesvaraya Institute of Technology-Yelahanka, Bengaluru",KKR,,,,43905,,,,
E137,"Sri Venkateshwara College of Engineering-KIAL Road, Bengaluru",GM,,,,84860,,,,
E138,"Srinivas Institute of Technology-Hampankatta, Mangaluru",GM,,,,,,,,
E145,"Vemana Institute of Technology-Koramangala, Bengaluru",GM,,,,90072,,,,
E148,"Vivekananda College of Engineering and Technology-Puttur, Dakshin Kannada",GM,,,,95733,,,,
E152,"ATME College of Engineering-Bannur Road, Mysuru",GM,,,,91055,,,,
E161,"Cambridge Institute of Technology North Campus-Kundana, Bengaluru",GM,,,,49079,,,,
E171,"GITAM Deemed to be University-Dodaballapur taluk, Bengaluru",GM,,92790,,10733,,,,
E171,"GITAM Deemed to be University-Dodaballapur taluk, Bengaluru",KKR,,,,107333,,,,
E172,"Mysore College of Engineering and Management-Chikkahalli, Mysuru",GM,,,,100014,,,,
E173,"Presidency University-Yelahanka, Bengaluru",GM,,,,32391,,,,
E173,"Presidency University-Yelahanka, Bengaluru",KKR,,,,95816,,,,
E187,"CMR University-Bagalur-Chagalatti, Bengaluru",GM,,,,27404,,33698,,
E187,"CMR University-Bagalur-Chagalatti, Bengaluru",KKR,,,,91275,,,,
E207,"BGS College of Engineering and Technology-Mahalaxmipuram, Bengaluru",GM,,,,,,,70592,
E217,"Harsha Institute of Technology-Nelamangala Taluk, Bangalore Rural",GM,,,,109099,,,,
College Code,College Name,Seat Category,CI-Computer Science & Engineering (Artificial Intelligence & Machine Learning),"CIT-Computer Science & Information Technology",CK-Civil Engineering (Kannada),"CM-Computer & Comm- unication Engineering",,"CN-Computer Science & Technology","CO-Computer Science & Engineering (IOT)","CR-Computer Science"
E003,"A.C.S. College of Engineering-Kambipura Mysore Road, Bengaluru",GM,,,,,,,106469,
E005,"Akash Institute of Engineering and Technology-Devanahalli, Bengaluru Rural",GM,106210,,,,,,,
E007,"AMC Engineering College-Bannerghatta Rd, Bengaluru",GM,62210,,,,,,,
E007,"AMC Engineering College-Bannerghatta Rd, Bengaluru",KKR,92917,,,,,,,
E011,"APS College of Engineering-Kanakapura Road, Bengaluru",GM,73500,,,,,,,
E023,"Basavakalyan Engineering College-NH9 Basavakalyan, Bidar",GM,,,,,,,,64882
E032,"C.M.R. Institute of Technology-Brookefield, Bengaluru",GM,13109,,,,,,,
E032,"C.M.R. Institute of Technology-Brookefield, Bengaluru",KKR,40897,,,,,,,
E039,"Dayananda Sagar Academy of Technology and Management-Kanakpura Road, Bengaluru",GM,17753,,,,,,,
E039,"Dayananda Sagar Academy of Technology and Management-Kanakpura Road, Bengaluru",KKR,28557,,,,,,,
E040,"Dayananda Sagar College of Engineering-Kumaraswamy Layout, Bengaluru",GM,,,,,,,,
E040,"Dayananda Sagar College of Engineering-Kumaraswamy Layout, Bengaluru",KKR,,,,,,,,
E041,"DON BOSCO Institute of Technology-Kumbalgodu, Bengaluru",GM,65473,,,,,,,
E041,"DON BOSCO Institute of Technology-Kumbalgodu, Bengaluru",KKR,97034,,,,,,,
E046,"East Point College of Engineering and Technology-Avalahalli, Bengaluru",GM,61605,,,,,,,
E048,"East West Institute of Technology-BEL Layout, Bengaluru",GM,86900,,,,,,,
E049,"Garden City University-Old Madras Road, Bengaluru",GM,,,,,,99891,,
E050,"Global Academy of Technology-Rajarajeshwari Nagar, Bengaluru",GM,42145,,,,,,,
E050,"Global Academy of Technology-Rajarajeshwari Nagar, Bengaluru",KKR,100293,,,,,,,
E053,"Gopalan College of Engineering And Management-Whitefield, Bengaluru",GM,73994,,,,,,,
E055,"GSSS Institute of Engineering and Technology for Women-Metagalli, Mysuru",GM,38481,,,,,,,
E055,"GSSS Institute of Engineering and Technology for Women-Metagalli, Mysuru",KKR,103167,,,,,,,
E060,"JSS Academy of Technical Education-Kengeri Main Road, Bengaluru",GM,21255,,,,,,,
E060,"JSS Academy of Technical Education-Kengeri Main Road, Bengaluru",KKR,54102,,,,,,,
E061,JSS Science and Technology University-Mysuru,GM,9653,,,,,,,
E061,JSS Science and Technology University-Mysuru,KKR,23162,,,,,,,
E062,"Jain College of Engineering-T.S Nagar, Belagavi",GM,38263,,,,,,,
E064,"Jain College of Engineering and Research-Udyambag, Belagavi",GM,66623,,,,,,,
E068,"K.S. Institute of Technology-Kanakapura Main Road, Bengaluru",GM,,,,110510,,,,
E069,"KVG College Of Engineering-Sullia, Dakshina Kannada",GM,107509,,,,,,,
E073,"KLS Gogte Institute of Technology-Udyambag, Belagavi",GM,34553,,,,,,,
E073,"KLS Gogte Institute of Technology-Udyambag, Belagavi",KKR,59190,,,,,,,
E077,"M.S. Ramaiah Institute of Technology-MSR Nagar, Bengaluru",GM,1134,,,,,,,
E077,"M.S. Ramaiah Institute of Technology-MSR Nagar, Bengaluru",KKR,6671,,,,,,,
E078,"Maharaja Institute of Technology-Belawadi, Mandya",GM,76224,,,,,,,
E079,"Malnad College of Engineering-Rangoli Halla, Hassan",GM,67395,,,,,,,
E080,"Mangalore Institute of Technology and Engineering-Moodbidri, Mangaluru",GM,91128,,,,,,,
E082,"Maharaja Institute of Technology-Thandavapura, Mysuru",GM,87706,,,,,,,
E084,"Nagarjuna College of Engineering And Technology-Devanahalli, Bengaluru",GM,110636,,,,,,,
E085,"The National Institute of Engineering North Campus-Koorgalli, Mysuru",GM,9935,,,,,,,
E085,"The National Institute of Engineering North Campus-Koorgalli, Mysuru",KKR,29254,,,,,,,
E088,"Navodaya Institute of Technology-Bijangera, Raichur",GM,99336,,,,,,,
E089,"P.E.S.College of Engineering-PES College Road, Mandya",GM,9583,,,,,,,
E089,"P.E.S.College of Engineering-PES College Road, Mandya",KKR,43815,,,,,,,
E094,"Proudhadevaraya Institute of Technology-TB Dam Road, Hosapete",GM,72777,,,,,,,
E095,"R V College of Engineering-Mysore Road, Bengaluru",GM,480,,,,,,,
E095,"R V College of Engineering-Mysore Road, Bengaluru",KKR,2048,,,,,,,
E096,"R.L. Jalappa Institute of Technology-Kodigehalli, Doddaballapur",GM,106963,,,,,,,
E102,"Rao Bahadur Y Mahabaleswarappa Engineering College-Cantonment, Ballari",GM,92820,,,,,,,
E104,"RNS Institute of Technology-R R Nagar Post, Bengaluru",GM,21176,,,,,,,
E104,"RNS Institute of Technology-R R Nagar Post, Bengaluru",KKR,49407,,,,,,,
E108,"S J C Institute of Technology-BB Road, Chikkaballapur",GM,105536,,,,,,,
E112,"Sahyadri College of Engineering and Management-Adyar, Mangaluru",GM,64718,,,,,,,
E113,"Sai Vidya Institute of Technology-Rajan Kunte, Bengaluru",GM,98922,,,,,,,
E125,"Siddaganga Institute of Technology-B H Road, Tumakuru",GM,10584,,,,,,,
E125,"Siddaganga Institute of Technology-B H Road, Tumakuru",KKR,27910,,,,,,,
E128,"Smt. Kamala and Sri Venkappa M. Agadi College of Engineering and Technology-
Laxmeswar, Gadag",GM,85586,,,,,,,
E147,"Vidyavardhaka College of Engineering-Gokulam, Mysuru",GM,47161,,,,,,,
E147,"Vidyavardhaka College of Engineering-Gokulam, Mysuru",KKR,89775,,,,,,,
E152,"ATME College of Engineering-Bannur Road, Mysuru",GM,84726,,,,,,,
E161,"Cambridge Institute of Technology North Campus-Kundana, Bengaluru",GM,54595,,,,,,,
E164,"Reva University-Yelahanka, Bengaluru",GM,12812,22561,,,,,,
E164,"Reva University-Yelahanka, Bengaluru",KKR,37055,68314,,,,,,
E165,"Alliance College of Engineering and Design. Alliance University-Anekal, Bengaluru",GM,,,,,,,24481,
E165,"Alliance College of Engineering and Design. Alliance University-Anekal, Bengaluru",KKR,,,,,,,75713,
E171,"GITAM Deemed to be University-Dodaballapur taluk, Bengaluru",GM,5466,,,,,,,
E171,"GITAM Deemed to be University-Dodaballapur taluk, Bengaluru",KKR,64349,,,,,,,
E172,"Mysore College of Engineering and Management-Chikkahalli, Mysuru",GM,74215,,,,,,,
E172,"Mysore College of Engineering and Management-Chikkahalli, Mysuru",KKR,102626,,,,,,,
E173,"Presidency University-Yelahanka, Bengaluru",GM,27654,,,,,,36701,
E173,"Presidency University-Yelahanka, Bengaluru",KKR,83916,,,,,,,
E187,"CMR University-Bagalur-Chagalatti, Bengaluru",GM,26740,,,,,28750,,
E187,"CMR University-Bagalur-Chagalatti, Bengaluru",KKR,78883,,,,,,,
E195,"Navkis College of Engineering -Kandali NH75, Hassan",GM,22324,,,,,,,
E198,"R V Institute of Technology and Management-J P Nagar, Bengaluru",GM,10032,,,,,,,
E198,"R V Institute of Technology and Management-J P Nagar, Bengaluru",KKR,25876,,,,,,,
E205,"Vijaya Vittala Institution of Technology-Kothanur, Bengaluru",GM,109004,,,,,,,
E208,"A.G.M Rural College of Engineering and Technology-Varur, Hubballi",GM,101469,,,,,,,
E209,"Aditya College of Engineering and Technology-Yelahanka, Bengaluru",GM,79094,,,,,,,
E215,"Cauvery College of Engineering-KBL Layout, Mysuru",GM,105087,,,,,,,
E216,"New Ebenezer Institute of Technology - Kothanur, Bangalore",GM,111096,,,,,,,
E217,"Harsha Institute of Technology-Nelamangala Taluk, Bangalore Rural",GM,110476,,,,,,,
College Code,College Name,Seat Category,"CSB-Computer Science & Engineering (Block Chain)","CS-Computer Science & Engineering","CSD-Computer Science & Technology (Devops)",CV-Civil Engineering,,CX-Cyber Security,"CY-Computer Science & Engineering (Cyber Security)",DS-Data Science
E001,"Acharya Institute of Technology-Soladevanahalli, Bengaluru",GM,,27452,,60864,,,,
E001,"Acharya Institute of Technology-Soladevanahalli, Bengaluru",KKR,,64341,,,,,,
E003,"A.C.S. College of Engineering-Kambipura Mysore Road, Bengaluru",GM,,72063,,,,,111502,
E003,"A.C.S. College of Engineering-Kambipura Mysore Road, Bengaluru",KKR,,84428,,,,,,
E004,"Adichunchanagiri Institute Of Technology-Jyothi Nagara, Chikkamagaluru",GM,,99949,,,,,,
E005,"Akash Institute of Engineering and Technology-Devanahalli, Bengaluru Rural",GM,,68040,,,,,108734,
E005,"Akash Institute of Engineering and Technology-Devanahalli, Bengaluru Rural",KKR,,100736,,,,,,
E006,"Alvas Institute of Engineering and Technology-Moodbidri, Mangaluru",GM,,110618,,,,,,
E007,"AMC Engineering College-Bannerghatta Rd, Bengaluru",GM,,67547,,107819,,,,
E007,"AMC Engineering College-Bannerghatta Rd, Bengaluru",KKR,,108388,,,,,,
E009,"Angadi Institute of Technology and Management-Savagaon Road, Belagavi",GM,,110388,,,,,,
E011,"APS College of Engineering-Kanakapura Road, Bengaluru",GM,,99522,,,,,106002,
E012,"Atria Institute of Technology-Hebbal, Bengaluru",GM,,55167,,108782,,,,
E012,"Atria Institute of Technology-Hebbal, Bengaluru",KKR,,89608,,,,,,
E013,"Akshaya Institute of Technology-Koratagere Road, Tumakuru",GM,,107303,,,,,,
E014,"Anuvartik Mirji Bharatesh Institute of Technology-Shindhollicross, Belagavi",GM,,110299,,,,,,
E015,"B.N.M. Institute of Technology-Banashankari, Bengaluru",GM,,14636,,,,,,
E015,"B.N.M. Institute of Technology-Banashankari, Bengaluru",KKR,,39528,,,,,,
E016,"KLE Technological University Formerly known as BVBCET-Vidyanagar, Hubballi",GM,,19953,,99411,,,,
E016,"KLE Technological University Formerly known as BVBCET-Vidyanagar, Hubballi",KKR,,31564,,111016,,,,
E017,"Ballari Institute of Technology And Management-Near Allipura, Ballari",GM,,96362,,,,,,
E017,"Ballari Institute of Technology And Management-Near Allipura, Ballari",KKR,,99418,,,,,,
E019,"Bangalore Institute of Technology-V V Puram, Bengaluru",GM,,5892,,45120,,,,
E019,"Bangalore Institute of Technology-V V Puram, Bengaluru",KKR,,21259,,102213,,,,
E020,"Bangalore Technological Institute-Chikkanayakanahalli Dinne, Bengaluru",GM,,68596,,93576,,,,
E020,"Bangalore Technological Institute-Chikkanayakanahalli Dinne, Bengaluru",KKR,,86987,,,,,,
E021,"Bapuji Institute of Engineering and Technology-Shamanur Road, Davangere",GM,,81544,,111127,,,,
E021,"Bapuji Institute of Engineering and Technology-Shamanur Road, Davangere",KKR,,86412,,,,,,
E023,"Basavakalyan Engineering College-NH9 Basavakalyan, Bidar",GM,,68884,,,,,,
E024,"Basaveshwar Engineering College-Vidya Nagar, Bagalkote",GM,,66072,,111199,,,,
E024,"Basaveshwar Engineering College-Vidya Nagar, Bagalkote",KKR,,93452,,,,,,
E026,"BLDEAs V.P. Dr.P.G.Halakatti College of Engineering and Technology-Ashram Road,
Vijayapura",GM,,105699,,,,,,
E027,"BMS College of Engineering-Basavanagudi, Bengaluru",GM,,2323,,19183,,,,
E027,"BMS College of Engineering-Basavanagudi, Bengaluru",KKR,,9487,,68362,,,,
E028,"BMS Institute of Technology and Management-Yelahanka, Bengaluru",GM,,9885,,36809,,,,
E028,"BMS Institute of Technology and Management-Yelahanka, Bengaluru",KKR,,31320,,83934,,,,
E030,"Brindavan College of Engineering-Yelahanka, Bengaluru",GM,,109894,,,,,,
E032,"C.M.R. Institute of Technology-Brookefield, Bengaluru",GM,,12617,,,,,,
E032,"C.M.R. Institute of Technology-Brookefield, Bengaluru",KKR,,37373,,,,,,
E033,"Cambridge Institute of Technology-K R Puram, Bengaluru",GM,,32250,,107929,,,,
E033,"Cambridge Institute of Technology-K R Puram, Bengaluru",KKR,,111009,,,,,,
E035,"Channabasaveshwara Institute of Technology- Gubbi, Tumakuru",GM,,108040,,101700,,,,
E037,"City Engineering College-Doddakalasandra, Bengaluru",GM,,109524,,,,,,
E038,"Coorg Institute of Technology-Ponnampet, South Kodagu",GM,,106864,,,,,90149,
E039,"Dayananda Sagar Academy of Technology and Management-Kanakpura Road, Bengaluru",GM,,19262,,,,,20349,
E039,"Dayananda Sagar Academy of Technology and Management-Kanakpura Road, Bengaluru",KKR,,37238,,,,,47011,
E040,"Dayananda Sagar College of Engineering-Kumaraswamy Layout, Bengaluru",GM,,3609,,25041,,,4229,
E040,"Dayananda Sagar College of Engineering-Kumaraswamy Layout, Bengaluru",KKR,,16001,,60328,,,17711,
E041,"DON BOSCO Institute of Technology-Kumbalgodu, Bengaluru",GM,,65174,,,,,,
E042,"Dr. Ambedkar Institute of Technology-Malathahalli, Bengaluru",GM,,22749,,58085,,,,
E042,"Dr. Ambedkar Institute of Technology-Malathahalli, Bengaluru",KKR,,46728,,,,,,
E043,"Yenepoya Institute of Technology formerly known as Dr. M V Shetty Institute of
Technology-Moodbidri, Mangaluru",GM,,111733,,,,,,
E044,"Dr.Shri Shri Shivakumara Mahaswamy College of Engineering-Nelamangala, Bengaluru
Rural",GM,,66222,,,,,,
E045,"Dr H N National College Of Engineering-Jayanagar, Bengaluru",GM,,85363,,,,,,
E046,"East Point College of Engineering and Technology-Avalahalli, Bengaluru",GM,,45073,,,,,,
E048,"East West Institute of Technology-BEL Layout, Bengaluru",GM,,94673,,110360,,,,
E049,"Garden City University-Old Madras Road, Bengaluru",GM,,46466,,,,,,
E050,"Global Academy of Technology-Rajarajeshwari Nagar, Bengaluru",GM,,39809,,82355,,,,
E050,"Global Academy of Technology-Rajarajeshwari Nagar, Bengaluru",KKR,,83120,,,,,,
E051,"GM Institute of Technology-P B Road, Davangere",GM,,106190,,,,,,
E053,"Gopalan College of Engineering And Management-Whitefield, Bengaluru",GM,,63159,,,,,,
E055,"GSSS Institute of Engineering and Technology for Women-Metagalli, Mysuru",GM,,33802,,,,,,
E055,"GSSS Institute of Engineering and Technology for Women-Metagalli, Mysuru",KKR,,55450,,,,,,
E056,"H.K.E.Societys P.D.A. College of Engineering-Aiwan E Shahi area, Kalaburgi",GM,,106601,,,,,,
E058,"Sri Jayachamarajendra College of Engineering constituent college of JSS Science and
Technology University-Manasagangothri, Mysuru",GM,,2993,,,,,,
E058,"Sri Jayachamarajendra College of Engineering constituent college of JSS Science and
Technology University-Manasagangothri, Mysuru",KKR,,13042,,,,,,
E059,"Jawaharlal Nehru New College of Engineering JNNCE-Swalanga Road, Shivamogga",GM,,77088,,,,,,
E059,"Jawaharlal Nehru New College of Engineering JNNCE-Swalanga Road, Shivamogga",KKR,,93683,,,,,,
E060,"JSS Academy of Technical Education-Kengeri Main Road, Bengaluru",GM,,19158,,68428,,,,
E060,"JSS Academy of Technical Education-Kengeri Main Road, Bengaluru",KKR,,55604,,,,,,
E061,JSS Science and Technology University-Mysuru,GM,,9069,,50951,,,,
E061,JSS Science and Technology University-Mysuru,KKR,,22916,,84969,,,,
E062,"Jain College of Engineering-T.S Nagar, Belagavi",GM,,60568,,,,,,
E063,"Jnana Vikas Institute of Technology-Bidadi, Ramnagar Taluk, Bengaluru Rural",GM,,83664,,,,,,
E064,"Jain College of Engineering and Research-Udyambag, Belagavi",GM,,84994,,64792,,,,
E065,"KLE Technological University  Formerly called as KLE Dr. M.S. Sheshgiri College of
Engineering and Technology-Udyambag, Belagavi",GM,,41970,,,,,,
E066,"KLE College of Engineering and Technology-Chikodi Dist., Belagavi",GM,,66559,,99020,,,,
E067,"K.S School of Engineering And Management-Off Kanakapura Road, Bengaluru",GM,,109945,,,,,,
E068,"K.S. Institute of Technology-Kanakapura Main Road, Bengaluru",GM,,59243,,,,,,
E068,"K.S. Institute of Technology-Kanakapura Main Road, Bengaluru",KKR,,94404,,,,,,
E070,"Kalpataru Institute of Technology-B H Road, Tiptur",GM,,66223,,,,,,
E071,"Karavali Institute of Technology-Kottara, Mangaluru",GM,,50078,,,,,,
E073,"KLS Gogte Institute of Technology-Udyambag, Belagavi",GM,,37070,,90015,,,,
E073,"KLS Gogte Institute of Technology-Udyambag, Belagavi",KKR,,70948,,,,,,
E074,"KLS Vishwanathrao Deshpande Institute of Technology-Dandeli Road, Haliyal",GM,,110111,,,,,,
E075,"KNS Institute of Technology-Yelahanka, Bengaluru",GM,,110391,,,,,,
E076,"M.S. Engineering College-Sadahalli, Bengaluru",GM,,74080,,,,,86894,
E077,"M.S. Ramaiah Institute of Technology-MSR Nagar, Bengaluru",GM,,875,,17291,,,1341,
E077,"M.S. Ramaiah Institute of Technology-MSR Nagar, Bengaluru",KKR,,3710,,47056,,,9760,
E078,"Maharaja Institute of Technology-Belawadi, Mandya",GM,,79900,,106183,,,,
E079,"Malnad College of Engineering-Rangoli Halla, Hassan",GM,,111070,,108604,,,,
E080,"Mangalore Institute of Technology and Engineering-Moodbidri, Mangaluru",GM,,111345,,,,,,
E081,"Moodalakatte Institute of Technology-Moodalakatte, Udupi",GM,,81309,,,,,,
E082,"Maharaja Institute of Technology-Thandavapura, Mysuru",GM,,82424,,88246,,,,
E082,"Maharaja Institute of Technology-Thandavapura, Mysuru",KKR,,84760,,,,,,
E083,"Mysuru Royal Institute of Technology-Palahallli, Mandya District",GM,,96843,,,,,,
E084,"Nagarjuna College of Engineering And Technology-Devanahalli, Bengaluru",GM,,110315,,,,,,
E085,"The National Institute of Engineering North Campus-Koorgalli, Mysuru",GM,,9511,,,,,,
E085,"The National Institute of Engineering North Campus-Koorgalli, Mysuru",KKR,,29202,,,,,,
E088,"Navodaya Institute of Technology-Bijangera, Raichur",GM,,109181,,,,,,
E089,"P.E.S.College of Engineering-PES College Road, Mandya",GM,,14833,,21294,,,,
E089,"P.E.S.College of Engineering-PES College Road, Mandya",KKR,,103061,,,,,,
E090,"PES Institute of Technology and Management-Kotegangoor Cost, Shivamogga",GM,,25870,,108265,,,,
E090,"PES Institute of Technology and Management-Kotegangoor Cost, Shivamogga",KKR,,77624,,,,,,
E095,"R V College of Engineering-Mysore Road, Bengaluru",GM,,307,,9731,,,536,
E095,"R V College of Engineering-Mysore Road, Bengaluru",KKR,,934,,36639,,,3368,
E096,"R.L. Jalappa Institute of Technology-Kodigehalli, Doddaballapur",GM,,,,,,,106576,
E097,"R.R. Institute of Technology-Chikkabanavara, Bengaluru",GM,,109273,,,,,,
E099,"Raja Rajeswari College of Engineering-Kumbalgodu, Bengaluru",GM,,84694,,,,,,
E099,"Raja Rajeswari College of Engineering-Kumbalgodu, Bengaluru",KKR,,93651,,,,,,
E100,"Rajeev Institute of Technology-BM Bypass Road, Hassan",GM,,111515,,,,,,
E101,"Rajiv Gandhi Institute of Technology-R T Nagar Post, Bengaluru",GM,,89437,,,,,,
E102,"Rao Bahadur Y Mahabaleswarappa Engineering College-Cantonment, Ballari",GM,,31584,,,,,,
E104,"RNS Institute of Technology-R R Nagar Post, Bengaluru",GM,,18267,,53354,,,21966,
E104,"RNS Institute of Technology-R R Nagar Post, Bengaluru",KKR,,44701,,84129,,,53984,
E105,"Bheemanna Khandre Institute of Technology-Bhalki, Bidar",GM,,59258,,,,,,
E107,"SJB Institute of Technology-Kengeri, Bengaluru",GM,,32276,,107641,,,,
E107,"SJB Institute of Technology-Kengeri, Bengaluru",KKR,,76529,,,,,,
E108,"S J C Institute of Technology-BB Road, Chikkaballapur",GM,,111716,,,,,,
E109,"S.E.A. College of Engineering and Technology-K R Puram, Bengaluru",GM,,107036,,,,,,
E110,"SSETs S.G. Balekundri Institute of Technology-Shivabasva Nagar, Belagavi",GM,,108233,,,,,,
E112,"Sahyadri College of Engineering and Management-Adyar, Mangaluru",GM,,69000,,,,,,
E113,"Sai Vidya Institute of Technology-Rajan Kunte, Bengaluru",GM,,81475,,105192,,,,
E113,"Sai Vidya Institute of Technology-Rajan Kunte, Bengaluru",KKR,,93094,,,,,,
E114,"Sambhram Institute of Technology-Jalahalli East, Bengaluru",GM,,110352,,,,,107636,
E116,"Sapthagiri NPS University-Hesarghatta Main Road, Bengaluru",GM,,49468,,,,,,
E117,"SDM College of Engineering and Technology, Tulu Minority-Kalaghatagi, Dharwad",GM,,33695,,106737,,,,
E117,"SDM College of Engineering and Technology, Tulu Minority-Kalaghatagi, Dharwad",KKR,,56441,,,,,,
E118,"SDM Institute of Technology, Tulu Minority-Ujjire, Dakshina Kannada",GM,,40794,,,,,,
E119,"SECAB Institute of Engineering andTechnology-Nauraspur-Bagalkot Road, Vijayapura",GM,,60213,,,,,,
E121,"Sri Sairam College of Engineering-Anekal, Bengaluru",GM,,110207,,,,,,
E122,"Shree Devi Institute of Technology-Kenjar, Mangaluru",GM,,87327,,,,,,
E123,"Shri Madhwa Vadiraja Institute of Technology and Management-Bantakal, Udupi",GM,,101913,,,,,,
E124,"Shridevi Institute of Engineering and Technology-Sira Road, Tumakuru",GM,,110829,,,,104762,,
E125,"Siddaganga Institute of Technology-B H Road, Tumakuru",GM,,10358,,,,,,
E125,"Siddaganga Institute of Technology-B H Road, Tumakuru",KKR,,27263,,,,,,
E126,"Sir M.Visvesvaraya Institute of Technology-Yelahanka, Bengaluru",GM,,12885,,55967,,,,
E126,"Sir M.Visvesvaraya Institute of Technology-Yelahanka, Bengaluru",KKR,,37986,,77464,,,,
E127,"SJM Institute of Technology-NH 4 Bye-pass, Chitradurga",GM,,55518,,,,,,
E128,"Smt. Kamala and Sri Venkappa M. Agadi College of Engineering and Technology-
Laxmeswar, Gadag",GM,,91192,,,,,,
E132,"Sri Krishna Institute of Technology-Chikkabanavara, Bengaluru",GM,,102652,,,,,,
E136,"Sri Taralabalu Jagadguru Institute of Technology-Haveri Dist., Ranebennur",GM,,106944,,,,,,
E137,"Sri Venkateshwara College of Engineering-KIAL Road, Bengaluru",GM,,85288,,,,,105250,
E138,"Srinivas Institute of Technology-Hampankatta, Mangaluru",GM,,111162,,,,,,
E141,"T. John Institute of Technology-Bannerghatta Road, Bengaluru",GM,,109829,,,,,,82758
E143,"Tontadarya College of Engineering-Mundaragi Road , Gadag",GM,,92530,,,,,,
E145,"Vemana Institute of Technology-Koramangala, Bengaluru",GM,,81980,,,,,103211,
E146,"Vidya Vikas Institute of Engineering and Technology-Alnahally, Mysuru",GM,,69286,,,,,,
E147,"Vidyavardhaka College of Engineering-Gokulam, Mysuru",GM,,51369,,73164,,,,
E147,"Vidyavardhaka College of Engineering-Gokulam, Mysuru",KKR,,106835,,80608,,,,
E148,"Vivekananda College of Engineering and Technology-Puttur, Dakshin Kannada",GM,,90528,,,,,,
E152,"ATME College of Engineering-Bannur Road, Mysuru",GM,,80550,,,,,,
E156,"Jyothy Institute of Technology-Tathguni, Bengaluru",GM,,102735,,,,,,
E158,"Shetty Institute of Technology - Gulbarga Shahabad Road, Kalaburagi",GM,,44706,,8078,,,,
E161,"Cambridge Institute of Technology North Campus-Kundana, Bengaluru",GM,,50482,,,,,39694,
E161,"Cambridge Institute of Technology North Campus-Kundana, Bengaluru",KKR,,77003,,,,,,
E164,"Reva University-Yelahanka, Bengaluru",GM,,,,60896,,,,
E164,"Reva University-Yelahanka, Bengaluru",KKR,,,,108551,,,,
E165,"Alliance College of Engineering and Design. Alliance University-Anekal, Bengaluru",GM,29582,14814,29748,106343,,,21685,
E165,"Alliance College of Engineering and Design. Alliance University-Anekal, Bengaluru",KKR,87941,58887,63261,,,,27795,
E171,"GITAM Deemed to be University-Dodaballapur taluk, Bengaluru",GM,,6315,,,,,10410,
E171,"GITAM Deemed to be University-Dodaballapur taluk, Bengaluru",KKR,,56222,,,,,81199,
E172,"Mysore College of Engineering and Management-Chikkahalli, Mysuru",GM,,109305,,,,,,
E173,"Presidency University-Yelahanka, Bengaluru",GM,36666,22533,36628,86302,,,28875,
E173,"Presidency University-Yelahanka, Bengaluru",KKR,72517,65313,,,,,76449,
E183,"Jain Institute of Technology-Avaragere Village, Davangere",GM,,110850,,,,,,
E187,"CMR University-Bagalur-Chagalatti, Bengaluru",GM,,24437,,,,,,
E187,"CMR University-Bagalur-Chagalatti, Bengaluru",KKR,,110659,,,,,,
E194,"Jain College of Engineering and Technology-Unkal, Hubballi",GM,,75645,,92556,,,,
E194,"Jain College of Engineering and Technology-Unkal, Hubballi",KKR,,108783,,,,,,
E195,"Navkis College of Engineering -Kandali NH75, Hassan",GM,,78169,,,,,,
E197,"M.S. Ramaiah University of Applied Sciences-MSR Nagar, Bengaluru",GM,,,,26574,,,,
E198,"R V Institute of Technology and Management-J P Nagar, Bengaluru",GM,,7893,,,,,,
E198,"R V Institute of Technology and Management-J P Nagar, Bengaluru",KKR,,17442,,,,,,
E203,"Amruta Institute of Engineering and Management Science-Bidadi, Ramnagar Taluk,
Bengaluru Rural",GM,,53453,,81346,,,,
E204,"H.K.E. Societys Sir M. Visvesvaraya College of Engineering-Yermarus Camp, Raichur",GM,,58851,,,,,,
E205,"Vijaya Vittala Institution of Technology-Kothanur, Bengaluru",GM,,106154,,,,,,
E206,"Cauvery Institute Of Technology-Sundahalli, Mandya",GM,,109687,,,,,,
E207,"BGS College of Engineering and Technology-Mahalaxmipuram, Bengaluru",GM,,53400,,,,,,
E207,"BGS College of Engineering and Technology-Mahalaxmipuram, Bengaluru",KKR,,85620,,,,,,
E209,"Aditya College of Engineering and Technology-Yelahanka, Bengaluru",GM,,111282,,,,,,74590
E211,"East West College of Engineering-Yelahanka, Bengaluru",GM,,66645,,,,,,
E212,"Seshadripuram Institute of Technology - Jaipura Hobli, Mysuru",GM,,69776,,,,,,
E214,"Sri Siddhartha School of Engineering-Near Kyathsandra Toll Gate, Tumkur",GM,,108674,,82591,,90914,,71514
E215,"Cauvery College of Engineering-KBL Layout, Mysuru",GM,,87921,,,,,63634,
E216,"New Ebenezer Institute of Technology - Kothanur, Bangalore",GM,,97018,,,,,,
E217,"Harsha Institute of Technology-Nelamangala Taluk, Bangalore Rural",GM,,111675,,,,,,
College Code,College Name,Seat Category,"ECE-Electrical & Computer Engineering","EC-Electronics & Comm- unication Engineering","ECV-Electronics and Comm- unication Engineering (VLSI Design & Technology)",EE-Electrical & Electronics Engineering,,"EI-Electronics & Instru- mentation Engineering","ES-Electronics & Computer Science","ET-Electronics & Telecomm- unication Engineering"
E001,"Acharya Institute of Technology-Soladevanahalli, Bengaluru",GM,,39829,,48775,,,,
E001,"Acharya Institute of Technology-Soladevanahalli, Bengaluru",KKR,,90708,,107783,,,,
E003,"A.C.S. College of Engineering-Kambipura Mysore Road, Bengaluru",GM,,104372,,,,,,
E004,"Adichunchanagiri Institute Of Technology-Jyothi Nagara, Chikkamagaluru",GM,,110191,,108350,,,,
E005,"Akash Institute of Engineering and Technology-Devanahalli, Bengaluru Rural",GM,,100871,,,,,,
E006,"Alvas Institute of Engineering and Technology-Moodbidri, Mangaluru",GM,,110471,,,,,,
E007,"AMC Engineering College-Bannerghatta Rd, Bengaluru",GM,,86989,,107250,,,,
E009,"Angadi Institute of Technology and Management-Savagaon Road, Belagavi",GM,,104692,,,,,,
E011,"APS College of Engineering-Kanakapura Road, Bengaluru",GM,,107673,,,,,,
E012,"Atria Institute of Technology-Hebbal, Bengaluru",GM,,80362,,,,,,
E014,"Anuvartik Mirji Bharatesh Institute of Technology-Shindhollicross, Belagavi",GM,,109578,,,,,,
E015,"B.N.M. Institute of Technology-Banashankari, Bengaluru",GM,,20973,,29181,,,,
E015,"B.N.M. Institute of Technology-Banashankari, Bengaluru",KKR,,58647,,86589,,,,
E016,"KLE Technological University Formerly known as BVBCET-Vidyanagar, Hubballi",GM,,33464,,55340,,,,
E016,"KLE Technological University Formerly known as BVBCET-Vidyanagar, Hubballi",KKR,,63087,,107292,,,,
E017,"Ballari Institute of Technology And Management-Near Allipura, Ballari",GM,,109976,,,,,,
E019,"Bangalore Institute of Technology-V V Puram, Bengaluru",GM,,11758,,16859,,19334,,14668
E019,"Bangalore Institute of Technology-V V Puram, Bengaluru",KKR,,37395,,80766,,91711,,90835
E020,"Bangalore Technological Institute-Chikkanayakanahalli Dinne, Bengaluru",GM,,83540,,,,,,
E021,"Bapuji Institute of Engineering and Technology-Shamanur Road, Davangere",GM,,86621,,106255,,,,
E023,"Basavakalyan Engineering College-NH9 Basavakalyan, Bidar",GM,,93991,,,,,,
E024,"Basaveshwar Engineering College-Vidya Nagar, Bagalkote",GM,,86721,,,,,,
E026,"BLDEAs V.P. Dr.P.G.Halakatti College of Engineering and Technology-Ashram Road,
Vijayapura",GM,,99134,,105483,,,,
E027,"BMS College of Engineering-Basavanagudi, Bengaluru",GM,,3448,,,,,,
E027,"BMS College of Engineering-Basavanagudi, Bengaluru",KKR,,15910,,,,,,
E028,"BMS Institute of Technology and Management-Yelahanka, Bengaluru",GM,,12245,,15728,,,,
E028,"BMS Institute of Technology and Management-Yelahanka, Bengaluru",KKR,,40419,,57136,,,,
E030,"Brindavan College of Engineering-Yelahanka, Bengaluru",GM,,106272,,,,,,
E032,"C.M.R. Institute of Technology-Brookefield, Bengaluru",GM,,22698,,,,,,
E032,"C.M.R. Institute of Technology-Brookefield, Bengaluru",KKR,,75040,,,,,,
E033,"Cambridge Institute of Technology-K R Puram, Bengaluru",GM,,48249,,59391,,,,
E033,"Cambridge Institute of Technology-K R Puram, Bengaluru",KKR,,60420,,,,,,
E035,"Channabasaveshwara Institute of Technology- Gubbi, Tumakuru",GM,,91875,,,,,,
E037,"City Engineering College-Doddakalasandra, Bengaluru",GM,,96817,,,,,,
E038,"Coorg Institute of Technology-Ponnampet, South Kodagu",GM,,92784,,,,,,
E039,"Dayananda Sagar Academy of Technology and Management-Kanakpura Road, Bengaluru",GM,,25383,,,,,,
E039,"Dayananda Sagar Academy of Technology and Management-Kanakpura Road, Bengaluru",KKR,,48327,,,,,,
E040,"Dayananda Sagar College of Engineering-Kumaraswamy Layout, Bengaluru",GM,,6712,,10695,,,,10958
E040,"Dayananda Sagar College of Engineering-Kumaraswamy Layout, Bengaluru",KKR,,26002,,47709,,,,38041
E041,"DON BOSCO Institute of Technology-Kumbalgodu, Bengaluru",GM,,70362,,81888,,,,
E042,"Dr. Ambedkar Institute of Technology-Malathahalli, Bengaluru",GM,,27873,36057,,,,,
E042,"Dr. Ambedkar Institute of Technology-Malathahalli, Bengaluru",KKR,,69057,90825,,,,,
E045,"Dr H N National College Of Engineering-Jayanagar, Bengaluru",GM,,104887,,,,,,
E046,"East Point College of Engineering and Technology-Avalahalli, Bengaluru",GM,,44561,,,,,,
E048,"East West Institute of Technology-BEL Layout, Bengaluru",GM,,92761,,109696,,,,
E050,"Global Academy of Technology-Rajarajeshwari Nagar, Bengaluru",GM,,61454,,70297,,,,
E051,"GM Institute of Technology-P B Road, Davangere",GM,,108985,,,,,,
E055,"GSSS Institute of Engineering and Technology for Women-Metagalli, Mysuru",GM,,64665,,,,,,
E056,"H.K.E.Societys P.D.A. College of Engineering-Aiwan E Shahi area, Kalaburgi",GM,,111612,,,,,,
E059,"Jawaharlal Nehru New College of Engineering JNNCE-Swalanga Road, Shivamogga",GM,,93821,,,,,,108641
E060,"JSS Academy of Technical Education-Kengeri Main Road, Bengaluru",GM,,29281,,,,40111,,
E060,"JSS Academy of Technical Education-Kengeri Main Road, Bengaluru",KKR,,84288,,,,,,
E062,"Jain College of Engineering-T.S Nagar, Belagavi",GM,,110628,,62525,,,,
E064,"Jain College of Engineering and Research-Udyambag, Belagavi",GM,,107672,,,,,,
E065,"KLE Technological University  Formerly called as KLE Dr. M.S. Sheshgiri College of
Engineering and Technology-Udyambag, Belagavi",GM,,58389,,78795,,,,
E066,"KLE College of Engineering and Technology-Chikodi Dist., Belagavi",GM,,89747,,,,,,
E067,"K.S School of Engineering And Management-Off Kanakapura Road, Bengaluru",GM,,95291,,,,,,
E068,"K.S. Institute of Technology-Kanakapura Main Road, Bengaluru",GM,,111393,,,,,,
E069,"KVG College Of Engineering-Sullia, Dakshina Kannada",GM,,74732,,,,,,
E073,"KLS Gogte Institute of Technology-Udyambag, Belagavi",GM,,47086,,62087,,,,
E073,"KLS Gogte Institute of Technology-Udyambag, Belagavi",KKR,,80116,,,,,,
E074,"KLS Vishwanathrao Deshpande Institute of Technology-Dandeli Road, Haliyal",GM,,109025,,93737,,,,
E075,"KNS Institute of Technology-Yelahanka, Bengaluru",GM,,89055,,,,,,
E077,"M.S. Ramaiah Institute of Technology-MSR Nagar, Bengaluru",GM,,2302,,4111,,4402,,3407
E077,"M.S. Ramaiah Institute of Technology-MSR Nagar, Bengaluru",KKR,,14044,,23461,,25138,,17212
E078,"Maharaja Institute of Technology-Belawadi, Mandya",GM,,102877,,,,,,
E079,"Malnad College of Engineering-Rangoli Halla, Hassan",GM,,111060,,93772,,,,
E080,"Mangalore Institute of Technology and Engineering-Moodbidri, Mangaluru",GM,,74998,,,,,,
E082,"Maharaja Institute of Technology-Thandavapura, Mysuru",GM,,109041,,,,,,
E084,"Nagarjuna College of Engineering And Technology-Devanahalli, Bengaluru",GM,,105565,,,,,,
E089,"P.E.S.College of Engineering-PES College Road, Mandya",GM,,13711,17464,15741,,,,
E090,"PES Institute of Technology and Management-Kotegangoor Cost, Shivamogga",GM,,58780,,110525,,,,
E095,"R V College of Engineering-Mysore Road, Bengaluru",GM,,762,,1234,,,,1063
E095,"R V College of Engineering-Mysore Road, Bengaluru",KKR,,3376,,11783,,,,4923
E097,"R.R. Institute of Technology-Chikkabanavara, Bengaluru",GM,,87953,,,,,103610,
E099,"Raja Rajeswari College of Engineering-Kumbalgodu, Bengaluru",GM,,110716,,,,,,
E100,"Rajeev Institute of Technology-BM Bypass Road, Hassan",GM,,86802,,,,,,
E101,"Rajiv Gandhi Institute of Technology-R T Nagar Post, Bengaluru",GM,,110946,,,,,,
E104,"RNS Institute of Technology-R R Nagar Post, Bengaluru",GM,,24600,,26020,,,,
E104,"RNS Institute of Technology-R R Nagar Post, Bengaluru",KKR,,58916,,74896,,,,
E107,"SJB Institute of Technology-Kengeri, Bengaluru",GM,,47075,,69699,,,,
E107,"SJB Institute of Technology-Kengeri, Bengaluru",KKR,,110168,,,,,,
E108,"S J C Institute of Technology-BB Road, Chikkaballapur",GM,,88420,,,,,,
E109,"S.E.A. College of Engineering and Technology-K R Puram, Bengaluru",GM,,55964,,,,,,
E110,"SSETs S.G. Balekundri Institute of Technology-Shivabasva Nagar, Belagavi",GM,,90429,,,,,,
E112,"Sahyadri College of Engineering and Management-Adyar, Mangaluru",GM,,102881,,,,,,
E113,"Sai Vidya Institute of Technology-Rajan Kunte, Bengaluru",GM,,108623,,,,,,
E114,"Sambhram Institute of Technology-Jalahalli East, Bengaluru",GM,,67250,,,,,,
E116,"Sapthagiri NPS University-Hesarghatta Main Road, Bengaluru",GM,,50650,,70795,,,,
E117,"SDM College of Engineering and Technology, Tulu Minority-Kalaghatagi, Dharwad",GM,,47775,,65635,,,,
E117,"SDM College of Engineering and Technology, Tulu Minority-Kalaghatagi, Dharwad",KKR,,76941,,81496,,,,
E118,"SDM Institute of Technology, Tulu Minority-Ujjire, Dakshina Kannada",GM,,74248,,,,,,
E123,"Shri Madhwa Vadiraja Institute of Technology and Management-Bantakal, Udupi",GM,,94586,,,,,,
E125,"Siddaganga Institute of Technology-B H Road, Tumakuru",GM,,13533,,,,,,
E125,"Siddaganga Institute of Technology-B H Road, Tumakuru",KKR,,36968,,,,,,
E126,"Sir M.Visvesvaraya Institute of Technology-Yelahanka, Bengaluru",GM,,19200,,31113,,,,25400
E126,"Sir M.Visvesvaraya Institute of Technology-Yelahanka, Bengaluru",KKR,,81180,,106062,,,,101006
E127,"SJM Institute of Technology-NH 4 Bye-pass, Chitradurga",GM,,59140,,,,,,
E128,"Smt. Kamala and Sri Venkappa M. Agadi College of Engineering and Technology-
Laxmeswar, Gadag",GM,,96610,,,,,,
E132,"Sri Krishna Institute of Technology-Chikkabanavara, Bengaluru",GM,,50706,,,,,,
E137,"Sri Venkateshwara College of Engineering-KIAL Road, Bengaluru",GM,,111152,,,,,,
E141,"T. John Institute of Technology-Bannerghatta Road, Bengaluru",GM,,76671,,,,,,
E142,"The National Institute of Engineering South Campus-Mananthavady Road, Mysuru",GM,,13781,,15509,,,,
E142,"The National Institute of Engineering South Campus-Mananthavady Road, Mysuru",KKR,,29334,,70698,,,,
E143,"Tontadarya College of Engineering-Mundaragi Road , Gadag",GM,,66979,,,,,,
E145,"Vemana Institute of Technology-Koramangala, Bengaluru",GM,,97081,,,,,,
E147,"Vidyavardhaka College of Engineering-Gokulam, Mysuru",GM,,61329,,64871,,,,
E147,"Vidyavardhaka College of Engineering-Gokulam, Mysuru",KKR,,94706,,,,,,
E152,"ATME College of Engineering-Bannur Road, Mysuru",GM,,110767,,,,,,
E156,"Jyothy Institute of Technology-Tathguni, Bengaluru",GM,,110537,,,,,,
E161,"Cambridge Institute of Technology North Campus-Kundana, Bengaluru",GM,,68675,,,,,,
E164,"Reva University-Yelahanka, Bengaluru",GM,,27846,,,,,,
E164,"Reva University-Yelahanka, Bengaluru",KKR,,71058,,,,,,
E165,"Alliance College of Engineering and Design. Alliance University-Anekal, Bengaluru",GM,,34115,,60171,,,,
E165,"Alliance College of Engineering and Design. Alliance University-Anekal, Bengaluru",KKR,,77801,,96249,,,,
E171,"GITAM Deemed to be University-Dodaballapur taluk, Bengaluru",GM,32926,17050,,,,,,
E171,"GITAM Deemed to be University-Dodaballapur taluk, Bengaluru",KKR,107980,99036,,,,,,
E172,"Mysore College of Engineering and Management-Chikkahalli, Mysuru",GM,,107544,,,,,,
E173,"Presidency University-Yelahanka, Bengaluru",GM,,42510,,72941,,,,
E173,"Presidency University-Yelahanka, Bengaluru",KKR,,97992,,,,,,
E187,"CMR University-Bagalur-Chagalatti, Bengaluru",GM,,32357,,,,,,
E187,"CMR University-Bagalur-Chagalatti, Bengaluru",KKR,,102267,,,,,,
E194,"Jain College of Engineering and Technology-Unkal, Hubballi",GM,,103474,,,,,,
E198,"R V Institute of Technology and Management-J P Nagar, Bengaluru",GM,,10850,,,,,,
E198,"R V Institute of Technology and Management-J P Nagar, Bengaluru",KKR,,33761,,,,,,
E201,"G Madegowda Institute of Technology-Maddur, Mandya District",GM,,91504,,,,,,
E203,"Amruta Institute of Engineering and Management Science-Bidadi, Ramnagar Taluk,
Bengaluru Rural",GM,,103927,,,,,,
E208,"A.G.M Rural College of Engineering and Technology-Varur, Hubballi",GM,,107183,,,,,,
E211,"East West College of Engineering-Yelahanka, Bengaluru",GM,,91524,,,,,,
E212,"Seshadripuram Institute of Technology - Jaipura Hobli, Mysuru",GM,,80032,,89812,,,,
E214,"Sri Siddhartha School of Engineering-Near Kyathsandra Toll Gate, Tumkur",GM,,105095,,59558,,,,
E217,"Harsha Institute of Technology-Nelamangala Taluk, Bangalore Rural",GM,,82772,,,,,,
College Code,College Name,Seat Category,"IAR -Information Technology (Augmented Reality and Virtual Reality (AR / VR)",,,,IM-Industrial Engineering & Management,,,
E077,"M.S. Ramaiah Institute of Technology-MSR Nagar, Bengaluru",GM,,,,,15512,,,
E077,"M.S. Ramaiah Institute of Technology-MSR Nagar, Bengaluru",KKR,,,,,87404,,,
E095,"R V College of Engineering-Mysore Road, Bengaluru",GM,,,,,8627,,,
E095,"R V College of Engineering-Mysore Road, Bengaluru",KKR,,,,,49268,,,
E165,"Alliance College of Engineering and Design. Alliance University-Anekal, Bengaluru",GM,44764,,,,,,,
College Code,College Name,Seat Category,"IST-Information Science & Technology","MAE-Mechanical & Aerospace Engineering",MD-Medical Electronics Engineering,"ME-Mechanical Engineering",,MR-Marine Engineering,MT-Mech- atronics Engineering,RA-Robotics & Automation
E001,"Acharya Institute of Technology-Soladevanahalli, Bengaluru",GM,,,,50724,,,62208,
E001,"Acharya Institute of Technology-Soladevanahalli, Bengaluru",KKR,,,,83862,,,91138,
E004,"Adichunchanagiri Institute Of Technology-Jyothi Nagara, Chikkamagaluru",GM,,,,106615,,,,
E005,"Akash Institute of Engineering and Technology-Devanahalli, Bengaluru Rural",GM,,,,68496,,,,
E006,"Alvas Institute of Engineering and Technology-Moodbidri, Mangaluru",GM,,,,59506,,,,
E007,"AMC Engineering College-Bannerghatta Rd, Bengaluru",GM,,,,103137,,,,
E012,"Atria Institute of Technology-Hebbal, Bengaluru",GM,,,,96855,,,,87865
E015,"B.N.M. Institute of Technology-Banashankari, Bengaluru",GM,,,,42615,,,,
E016,"KLE Technological University Formerly known as BVBCET-Vidyanagar, Hubballi",GM,,,,79263,,,,
E016,"KLE Technological University Formerly known as BVBCET-Vidyanagar, Hubballi",KKR,,,,108639,,,,
E017,"Ballari Institute of Technology And Management-Near Allipura, Ballari",GM,,,,68894,,,,
E019,"Bangalore Institute of Technology-V V Puram, Bengaluru",GM,,,,33330,,,,
E019,"Bangalore Institute of Technology-V V Puram, Bengaluru",KKR,,,,108484,,,,
E020,"Bangalore Technological Institute-Chikkanayakanahalli Dinne, Bengaluru",GM,,,,95617,,,,
E027,"BMS College of Engineering-Basavanagudi, Bengaluru",GM,,,,8486,,,,
E027,"BMS College of Engineering-Basavanagudi, Bengaluru",KKR,,,,54256,,,,
E028,"BMS Institute of Technology and Management-Yelahanka, Bengaluru",GM,,,,26304,,,,
E028,"BMS Institute of Technology and Management-Yelahanka, Bengaluru",KKR,,,,76654,,,,
E030,"Brindavan College of Engineering-Yelahanka, Bengaluru",GM,,,,32957,,,,
E033,"Cambridge Institute of Technology-K R Puram, Bengaluru",GM,,,,78058,,,,
E036,"Chanakya University-Devanahalli, Bengaluru Rural",GM,,58735,,,,,,
E037,"City Engineering College-Doddakalasandra, Bengaluru",GM,,,,87100,,,,
E038,"Coorg Institute of Technology-Ponnampet, South Kodagu",GM,,,,82980,,,,
E039,"Dayananda Sagar Academy of Technology and Management-Kanakpura Road, Bengaluru",GM,,,,37624,,,,
E039,"Dayananda Sagar Academy of Technology and Management-Kanakpura Road, Bengaluru",KKR,,,,107055,,,,
E040,"Dayananda Sagar College of Engineering-Kumaraswamy Layout, Bengaluru",GM,,,28658,20990,,,,
E040,"Dayananda Sagar College of Engineering-Kumaraswamy Layout, Bengaluru",KKR,,,,73726,,,,
E050,"Global Academy of Technology-Rajarajeshwari Nagar, Bengaluru",GM,,,,72009,,,,
E059,"Jawaharlal Nehru New College of Engineering JNNCE-Swalanga Road, Shivamogga",GM,,,,82197,,,,
E060,"JSS Academy of Technical Education-Kengeri Main Road, Bengaluru",GM,,,,49588,,,,27355
E060,"JSS Academy of Technical Education-Kengeri Main Road, Bengaluru",KKR,,,,,,,,101252
E061,JSS Science and Technology University-Mysuru,GM,,,,32021,,,,
E062,"Jain College of Engineering-T.S Nagar, Belagavi",GM,,,,74817,,,,
E064,"Jain College of Engineering and Research-Udyambag, Belagavi",GM,,,,109403,,,,
E065,"KLE Technological University  Formerly called as KLE Dr. M.S. Sheshgiri College of
Engineering and Technology-Udyambag, Belagavi",GM,,,,108876,,,,
E066,"KLE College of Engineering and Technology-Chikodi Dist., Belagavi",GM,,,,110828,,,,
E068,"K.S. Institute of Technology-Kanakapura Main Road, Bengaluru",GM,,,,87427,,,,
E073,"KLS Gogte Institute of Technology-Udyambag, Belagavi",GM,,,,75126,,,,
E077,"M.S. Ramaiah Institute of Technology-MSR Nagar, Bengaluru",GM,,,18788,7930,,,,
E077,"M.S. Ramaiah Institute of Technology-MSR Nagar, Bengaluru",KKR,,,82849,52550,,,,
E078,"Maharaja Institute of Technology-Belawadi, Mandya",GM,,,,108369,,,,
E080,"Mangalore Institute of Technology and Engineering-Moodbidri, Mangaluru",GM,,,,59124,,,92936,
E082,"Maharaja Institute of Technology-Thandavapura, Mysuru",GM,,,,99390,,,,
E090,"PES Institute of Technology and Management-Kotegangoor Cost, Shivamogga",GM,,,,107842,,,,
E095,"R V College of Engineering-Mysore Road, Bengaluru",GM,,,,4091,,,,
E095,"R V College of Engineering-Mysore Road, Bengaluru",KKR,,,,39827,,,,
E098,"R T E Societys Rural Engineering College-Hulkoti, Gadag",GM,,,,102117,,,,
E099,"Raja Rajeswari College of Engineering-Kumbalgodu, Bengaluru",GM,,,,,,,,85937
E100,"Rajeev Institute of Technology-BM Bypass Road, Hassan",GM,,,,89946,,,,
E101,"Rajiv Gandhi Institute of Technology-R T Nagar Post, Bengaluru",GM,,,,110992,,,,
E104,"RNS Institute of Technology-R R Nagar Post, Bengaluru",GM,,,,36920,,,,
E107,"SJB Institute of Technology-Kengeri, Bengaluru",GM,,,,109728,,,,
E108,"S J C Institute of Technology-BB Road, Chikkaballapur",GM,,,,52438,,,,
E112,"Sahyadri College of Engineering and Management-Adyar, Mangaluru",GM,,,,97734,,,,109219
E113,"Sai Vidya Institute of Technology-Rajan Kunte, Bengaluru",GM,,,,97836,,,,
E117,"SDM College of Engineering and Technology, Tulu Minority-Kalaghatagi, Dharwad",GM,,,,99654,,,,
E121,"Sri Sairam College of Engineering-Anekal, Bengaluru",GM,,,,91576,,,,
E126,"Sir M.Visvesvaraya Institute of Technology-Yelahanka, Bengaluru",GM,,,,40954,,,,
E128,"Smt. Kamala and Sri Venkappa M. Agadi College of Engineering and Technology-
Laxmeswar, Gadag",GM,,,,23217,,,,
E138,"Srinivas Institute of Technology-Hampankatta, Mangaluru",GM,,,,,,104135,,
E142,"The National Institute of Engineering South Campus-Mananthavady Road, Mysuru",GM,,,,20288,,,,
E145,"Vemana Institute of Technology-Koramangala, Bengaluru",GM,,,,110985,,,,
E147,"Vidyavardhaka College of Engineering-Gokulam, Mysuru",GM,,,,65976,,,,
E156,"Jyothy Institute of Technology-Tathguni, Bengaluru",GM,,,,104180,,,,
E161,"Cambridge Institute of Technology North Campus-Kundana, Bengaluru",GM,,,,102448,,,,
E165,"Alliance College of Engineering and Design. Alliance University-Anekal, Bengaluru",GM,,,,63705,,,,
E171,"GITAM Deemed to be University-Dodaballapur taluk, Bengaluru",GM,,,,95156,,,,
E172,"Mysore College of Engineering and Management-Chikkahalli, Mysuru",GM,,,,95240,,,,
E173,"Presidency University-Yelahanka, Bengaluru",GM,43234,,,,,,,
E194,"Jain College of Engineering and Technology-Unkal, Hubballi",GM,,,,94292,,,,
E203,"Amruta Institute of Engineering and Management Science-Bidadi, Ramnagar Taluk,
Bengaluru Rural",GM,,,,87491,,,,
E206,"Cauvery Institute Of Technology-Sundahalli, Mandya",GM,,,,36023,,,,
E211,"East West College of Engineering-Yelahanka, Bengaluru",GM,,,,106946,,,,
E212,"Seshadripuram Institute of Technology - Jaipura Hobli, Mysuru",GM,,,,79498,,,,
E214,"Sri Siddhartha School of Engineering-Near Kyathsandra Toll Gate, Tumkur",GM,,,,98077,,,,
College Code,College Name,Seat Category,RI-Robotics & Artificial Intelligence,"ROB-Robotics","UE-Electronics & Computer Engineering","VL-Electronics Engineering (VLSI Design & Technology)",,TX-Textile Technology,VLS-VLSI,
E001,"Acharya Institute of Technology-Soladevanahalli, Bengaluru",GM,38683,,,,,,,
E001,"Acharya Institute of Technology-Soladevanahalli, Bengaluru",KKR,91837,,,,,,,
E004,"Adichunchanagiri Institute Of Technology-Jyothi Nagara, Chikkamagaluru",GM,106484,,,,,,,
E016,"KLE Technological University Formerly known as BVBCET-Vidyanagar, Hubballi",GM,,,,,,,39413,
E016,"KLE Technological University Formerly known as BVBCET-Vidyanagar, Hubballi",KKR,,,,,,,83165,
E019,"Bangalore Institute of Technology-V V Puram, Bengaluru",GM,10693,,,13882,,,,
E019,"Bangalore Institute of Technology-V V Puram, Bengaluru",KKR,33647,,,79186,,,,
E020,"Bangalore Technological Institute-Chikkanayakanahalli Dinne, Bengaluru",GM,96436,,,,,,,
E024,"Basaveshwar Engineering College-Vidya Nagar, Bagalkote",GM,,,105011,,,,,
E036,"Chanakya University-Devanahalli, Bengaluru Rural",GM,,,,106483,,,,
E040,"Dayananda Sagar College of Engineering-Kumaraswamy Layout, Bengaluru",GM,5543,,,,,,,
E040,"Dayananda Sagar College of Engineering-Kumaraswamy Layout, Bengaluru",KKR,20402,,,,,,,
E048,"East West Institute of Technology-BEL Layout, Bengaluru",GM,,,71964,,,,,
E049,"Garden City University-Old Madras Road, Bengaluru",GM,,73658,,71865,,,,
E059,"Jawaharlal Nehru New College of Engineering JNNCE-Swalanga Road, Shivamogga",GM,100557,,,,,,,
E079,"Malnad College of Engineering-Rangoli Halla, Hassan",GM,95048,,,,,,,
E080,"Mangalore Institute of Technology and Engineering-Moodbidri, Mangaluru",GM,82338,,,,,,,
E089,"P.E.S.College of Engineering-PES College Road, Mandya",GM,13445,,,,,,,
E126,"Sir M.Visvesvaraya Institute of Technology-Yelahanka, Bengaluru",GM,18604,,25550,,,,,
E126,"Sir M.Visvesvaraya Institute of Technology-Yelahanka, Bengaluru",KKR,73893,,75283,,,,,
E171,"GITAM Deemed to be University-Dodaballapur taluk, Bengaluru",GM,9585,,,24495,,,,
E171,"GITAM Deemed to be University-Dodaballapur taluk, Bengaluru",KKR,66293,,,,,,,
E173,"Presidency University-Yelahanka, Bengaluru",GM,,,,,,,57294,
E173,"Presidency University-Yelahanka, Bengaluru",KKR,,,,,,,88206,
